name,type,start_time,duration,"data","error"
"U13C_USART0_RX","data",17.7944645,0.00008225,0xD5,
"U13C_USART0_RX","data",17.79455125,0.00008225,0xE5,
"U13C_USART0_RX","data",17.794638,0.00008225,0x00,
"U13C_USART0_RX","data",17.79472475,0.00008225,0x00,
"U13C_USART0_RX","data",17.79481125,0.00008225,0x04,
"U13C_USART0_RX","data",17.794898,0.00008225,0x00,
"U13C_USART0_RX","data",17.79498475,0.00008225,0x04,
"U13C_USART0_RX","data",17.7950715,0.00008225,0x00,
"U13C_USART0_RX","data",17.79515825,0.00008225,0x00,
"U13C_USART0_RX","data",17.79524475,0.00008225,0x00,
"U13C_USART0_RX","data",17.7953315,0.00008225,0x00,
"U13C_USART0_RX","data",17.80527275,0.00008225,0xD5,
"U13C_USART0_RX","data",17.80535925,0.00008225,0xE5,
"U13C_USART0_RX","data",17.805446,0.00008225,0x00,
"U13C_USART0_RX","data",17.80553275,0.00008225,0x00,
"U13C_USART0_RX","data",17.8056195,0.00008225,0x00,
"U13C_USART0_RX","data",17.80570625,0.00008225,0x00,
"U13C_USART0_RX","data",17.80579275,0.00008225,0x00,
"U13C_USART0_RX","data",17.8058795,0.00008225,0x00,
"U13C_USART0_RX","data",17.80596625,0.00008225,0x00,
"U13C_USART0_RX","data",17.806053,0.00008225,0x00,
"U13C_USART0_RX","data",17.80613975,0.00008225,0x00,
"U13C_USART0_TX","data",17.80624275,0.00008225,0xD5,
"U13C_USART0_TX","data",17.80633975,0.00008225,0xE5,
"U13C_USART0_TX","data",17.8064275,0.00008225,0x00,
"U13C_USART0_TX","data",17.806527,0.00008225,0x00,
"U13C_USART0_TX","data",17.80661475,0.00008225,0x06,
"U13C_USART0_TX","data",17.8067145,0.00008225,0x00,
"U13C_USART0_TX","data",17.80680225,0.00008225,0x1B,
"U13C_USART0_TX","data",17.8069025,0.00008225,0x00,
"U13C_USART0_TX","data",17.80699025,0.00008225,0x10,
"U13C_USART0_TX","data",17.80708975,0.00008225,0x00,
"U13C_USART0_TX","data",17.8071775,0.00008225,0x05,
"U13C_USART0_RX","data",17.81635075,0.00008225,0xD5,
"U13C_USART0_RX","data",17.8164375,0.00008225,0xE5,
"U13C_USART0_RX","data",17.81652425,0.00008225,0x00,
"U13C_USART0_RX","data",17.816611,0.00008225,0x00,
"U13C_USART0_RX","data",17.8166975,0.00008225,0x01,
"U13C_USART0_RX","data",17.81678425,0.00008225,0x00,
"U13C_USART0_RX","data",17.816871,0.00008225,0x01,
"U13C_USART0_RX","data",17.81695775,0.00008225,0x00,
"U13C_USART0_RX","data",17.8170445,0.00008225,0x00,
"U13C_USART0_RX","data",17.817131,0.00008225,0x00,
"U13C_USART0_RX","data",17.81721775,0.00008225,0x00,
"U13C_USART0_TX","data",17.8173465,0.00008225,0xD5,
"U13C_USART0_TX","data",17.81743425,0.00008225,0xE5,
"U13C_USART0_TX","data",17.81752575,0.00008225,0x00,
"U13C_USART0_TX","data",17.8176135,0.00008225,0x00,
"U13C_USART0_TX","data",17.81771325,0.00008225,0x06,
"U13C_USART0_TX","data",17.817801,0.00008225,0x00,
"U13C_USART0_TX","data",17.8179005,0.00008225,0x1B,
"U13C_USART0_TX","data",17.81798825,0.00008225,0x00,
"U13C_USART0_TX","data",17.818088,0.00008225,0x10,
"U13C_USART0_TX","data",17.81817575,0.00008225,0x00,
"U13C_USART0_TX","data",17.8182755,0.00008225,0x05,
"U13C_USART0_RX","data",17.91050925,0.00008225,0xD5,
"U13C_USART0_RX","data",17.910596,0.00008225,0xE5,
"U13C_USART0_RX","data",17.91068275,0.00008225,0x00,
"U13C_USART0_RX","data",17.91076925,0.00008225,0x00,
"U13C_USART0_RX","data",17.910856,0.00008225,0x02,
"U13C_USART0_RX","data",17.91094275,0.00008225,0x00,
"U13C_USART0_RX","data",17.9110295,0.00008225,0x4F,
"U13C_USART0_RX","data",17.91111625,0.00008225,0x09,
"U13C_USART0_RX","data",17.91120275,0.00008225,0x00,
"U13C_USART0_RX","data",17.9112895,0.00008225,0xC4,
"U13C_USART0_RX","data",17.91137625,0.00008225,0x00,
"U13C_USART0_TX","data",17.9115335,0.00008225,0xD5,
"U13C_USART0_TX","data",17.911642,0.00008225,0xE5,
"U13C_USART0_TX","data",17.9117295,0.00008225,0x00,
"U13C_USART0_TX","data",17.91182925,0.00008225,0x00,
"U13C_USART0_TX","data",17.911917,0.00008225,0x06,
"U13C_USART0_TX","data",17.91201675,0.00008225,0x00,
"U13C_USART0_TX","data",17.9121045,0.00008225,0x1B,
"U13C_USART0_TX","data",17.912204,0.00008225,0x00,
"U13C_USART0_TX","data",17.91229175,0.00008225,0x10,
"U13C_USART0_TX","data",17.912392,0.00008225,0x00,
"U13C_USART0_TX","data",17.91247975,0.00008225,0x05,
"U13C_USART0_RX","data",18.07057075,0.00008225,0xD5,
"U13C_USART0_RX","data",18.0706575,0.00008225,0xE5,
"U13C_USART0_RX","data",18.07074425,0.00008225,0x00,
"U13C_USART0_RX","data",18.070831,0.00008225,0x00,
"U13C_USART0_RX","data",18.07091775,0.00008225,0x02,
"U13C_USART0_RX","data",18.07100425,0.00008225,0x00,
"U13C_USART0_RX","data",18.071091,0.00008225,0x4F,
"U13C_USART0_RX","data",18.07117775,0.00008225,0x09,
"U13C_USART0_RX","data",18.0712645,0.00008225,0x00,
"U13C_USART0_RX","data",18.07135125,0.00008225,0xC4,
"U13C_USART0_RX","data",18.07143775,0.00008225,0x00,
"U13C_USART0_TX","data",18.0715655,0.00008225,0xD5,
"U13C_USART0_TX","data",18.07165325,0.00008225,0xE5,
"U13C_USART0_TX","data",18.07175225,0.00008225,0x00,
"U13C_USART0_TX","data",18.07184,0.00008225,0x00,
"U13C_USART0_TX","data",18.07194025,0.00008225,0x06,
"U13C_USART0_TX","data",18.072028,0.00008225,0x00,
"U13C_USART0_TX","data",18.0721275,0.00008225,0x1B,
"U13C_USART0_TX","data",18.07221525,0.00008225,0x00,
"U13C_USART0_TX","data",18.072315,0.00008225,0x10,
"U13C_USART0_TX","data",18.07240275,0.00008225,0x00,
"U13C_USART0_TX","data",18.0725025,0.00008225,0x05,
"U13C_USART0_RX","data",18.23063275,0.00008225,0xD5,
"U13C_USART0_RX","data",18.2307195,0.00008225,0xE5,
"U13C_USART0_RX","data",18.23080625,0.00008225,0x00,
"U13C_USART0_RX","data",18.23089275,0.00008225,0x00,
"U13C_USART0_RX","data",18.2309795,0.00008225,0x02,
"U13C_USART0_RX","data",18.23106625,0.00008225,0x00,
"U13C_USART0_RX","data",18.231153,0.00008225,0x4F,
"U13C_USART0_RX","data",18.23123975,0.00008225,0x09,
"U13C_USART0_RX","data",18.23132625,0.00008225,0x00,
"U13C_USART0_RX","data",18.231413,0.00008225,0xC4,
"U13C_USART0_RX","data",18.23149975,0.00008225,0x00,
"U13C_USART0_TX","data",18.23162725,0.00008225,0xD5,
"U13C_USART0_TX","data",18.231715,0.00008225,0xE5,
"U13C_USART0_TX","data",18.2318075,0.00008225,0x00,
"U13C_USART0_TX","data",18.2318955,0.00008225,0x00,
"U13C_USART0_TX","data",18.2319955,0.00008225,0x06,
"U13C_USART0_TX","data",18.23208325,0.00008225,0x00,
"U13C_USART0_TX","data",18.232183,0.00008225,0x1B,
"U13C_USART0_TX","data",18.23227075,0.00008225,0x00,
"U13C_USART0_TX","data",18.2323705,0.00008225,0x10,
"U13C_USART0_TX","data",18.23245825,0.00008225,0x00,
"U13C_USART0_TX","data",18.23255775,0.00008225,0x05,
"U13C_USART0_RX","data",18.39069475,0.00008225,0xD5,
"U13C_USART0_RX","data",18.3907815,0.00008225,0xE5,
"U13C_USART0_RX","data",18.39086825,0.00008225,0x00,
"U13C_USART0_RX","data",18.390955,0.00008225,0x00,
"U13C_USART0_RX","data",18.39104175,0.00008225,0x02,
"U13C_USART0_RX","data",18.39112825,0.00008225,0x00,
"U13C_USART0_RX","data",18.391215,0.00008225,0x4F,
"U13C_USART0_RX","data",18.39130175,0.00008225,0x09,
"U13C_USART0_RX","data",18.3913885,0.00008225,0x00,
"U13C_USART0_RX","data",18.39147525,0.00008225,0xC4,
"U13C_USART0_RX","data",18.39156175,0.00008225,0x00,
"U13C_USART0_TX","data",18.391688,0.00008225,0xD5,
"U13C_USART0_TX","data",18.3917925,0.00008225,0xE5,
"U13C_USART0_TX","data",18.39188025,0.00008225,0x00,
"U13C_USART0_TX","data",18.39198,0.00008225,0x00,
"U13C_USART0_TX","data",18.39206775,0.00008225,0x06,
"U13C_USART0_TX","data",18.3921675,0.00008225,0x00,
"U13C_USART0_TX","data",18.39225525,0.00008225,0x1B,
"U13C_USART0_TX","data",18.39235475,0.00008225,0x00,
"U13C_USART0_TX","data",18.3924425,0.00008225,0x10,
"U13C_USART0_TX","data",18.39254225,0.00008225,0x00,
"U13C_USART0_TX","data",18.39263,0.00008225,0x05,
"U13C_USART0_RX","data",18.62344125,0.00008225,0xD5,
"U13C_USART0_RX","data",18.623528,0.00008225,0xE5,
"U13C_USART0_RX","data",18.62361475,0.00008225,0x00,
"U13C_USART0_RX","data",18.6237015,0.00008225,0x00,
"U13C_USART0_RX","data",18.62378825,0.00008225,0x02,
"U13C_USART0_RX","data",18.62387475,0.00008225,0x00,
"U13C_USART0_RX","data",18.6239615,0.00008225,0x4F,
"U13C_USART0_RX","data",18.62404825,0.00008225,0x09,
"U13C_USART0_RX","data",18.624135,0.00008225,0x00,
"U13C_USART0_RX","data",18.62422175,0.00008225,0xC4,
"U13C_USART0_RX","data",18.62430825,0.00008225,0x00,
"U13C_USART0_TX","data",18.62446275,0.00008225,0xD5,
"U13C_USART0_TX","data",18.62457475,0.00008225,0xE5,
"U13C_USART0_TX","data",18.6246625,0.00008225,0x00,
"U13C_USART0_TX","data",18.62476275,0.00008225,0x00,
"U13C_USART0_TX","data",18.6248505,0.00008225,0x06,
"U13C_USART0_TX","data",18.62495,0.00008225,0x00,
"U13C_USART0_TX","data",18.62503775,0.00008225,0x1B,
"U13C_USART0_TX","data",18.6251375,0.00008225,0x00,
"U13C_USART0_TX","data",18.62522525,0.00008225,0x10,
"U13C_USART0_TX","data",18.625325,0.00008225,0x00,
"U13C_USART0_TX","data",18.6254125,0.00008225,0x05,
"U13C_USART0_RX","data",18.78350325,0.00008225,0xD5,
"U13C_USART0_RX","data",18.78359,0.00008225,0xE5,
"U13C_USART0_RX","data",18.78367675,0.00008225,0x00,
"U13C_USART0_RX","data",18.78376325,0.00008225,0x00,
"U13C_USART0_RX","data",18.78385,0.00008225,0x02,
"U13C_USART0_RX","data",18.78393675,0.00008225,0x00,
"U13C_USART0_RX","data",18.7840235,0.00008225,0x4F,
"U13C_USART0_RX","data",18.78411025,0.00008225,0x09,
"U13C_USART0_RX","data",18.78419675,0.00008225,0x00,
"U13C_USART0_RX","data",18.7842835,0.00008225,0xC4,
"U13C_USART0_RX","data",18.78437025,0.00008225,0x00,
"U13C_USART0_TX","data",18.78447375,0.00008225,0xD5,
"U13C_USART0_TX","data",18.7845735,0.00008225,0xE5,
"U13C_USART0_TX","data",18.78466125,0.00008225,0x00,
"U13C_USART0_TX","data",18.78476075,0.00008225,0x00,
"U13C_USART0_TX","data",18.7848485,0.00008225,0x06,
"U13C_USART0_TX","data",18.78494825,0.00008225,0x00,
"U13C_USART0_TX","data",18.785036,0.00008225,0x1B,
"U13C_USART0_TX","data",18.78513625,0.00008225,0x00,
"U13C_USART0_TX","data",18.785224,0.00008225,0x10,
"U13C_USART0_TX","data",18.78532375,0.00008225,0x00,
"U13C_USART0_TX","data",18.7854115,0.00008225,0x05,
"U13C_USART0_RX","data",18.94356525,0.00008225,0xD5,
"U13C_USART0_RX","data",18.943652,0.00008225,0xE5,
"U13C_USART0_RX","data",18.94373875,0.00008225,0x00,
"U13C_USART0_RX","data",18.9438255,0.00008225,0x00,
"U13C_USART0_RX","data",18.94391225,0.00008225,0x02,
"U13C_USART0_RX","data",18.94399875,0.00008225,0x00,
"U13C_USART0_RX","data",18.9440855,0.00008225,0x4F,
"U13C_USART0_RX","data",18.94417225,0.00008225,0x09,
"U13C_USART0_RX","data",18.944259,0.00008225,0x00,
"U13C_USART0_RX","data",18.94434575,0.00008225,0xC4,
"U13C_USART0_RX","data",18.94443225,0.00008225,0x00,
"U13C_USART0_TX","data",18.944536,0.00008225,0xD5,
"U13C_USART0_TX","data",18.9446345,0.00008225,0xE5,
"U13C_USART0_TX","data",18.94472225,0.00008225,0x00,
"U13C_USART0_TX","data",18.944822,0.00008225,0x00,
"U13C_USART0_TX","data",18.94490975,0.00008225,0x06,
"U13C_USART0_TX","data",18.9450095,0.00008225,0x00,
"U13C_USART0_TX","data",18.94509725,0.00008225,0x1B,
"U13C_USART0_TX","data",18.94519725,0.00008225,0x00,
"U13C_USART0_TX","data",18.945285,0.00008225,0x10,
"U13C_USART0_TX","data",18.9453885,0.00008225,0x00,
"U13C_USART0_TX","data",18.94547625,0.00008225,0x05,
"U13C_USART0_RX","data",19.103627,0.00008225,0xD5,
"U13C_USART0_RX","data",19.1037135,0.00008225,0xE5,
"U13C_USART0_RX","data",19.10380025,0.00008225,0x00,
"U13C_USART0_RX","data",19.103887,0.00008225,0x00,
"U13C_USART0_RX","data",19.10397375,0.00008225,0x02,
"U13C_USART0_RX","data",19.1040605,0.00008225,0x00,
"U13C_USART0_RX","data",19.104147,0.00008225,0x4F,
"U13C_USART0_RX","data",19.10423375,0.00008225,0x09,
"U13C_USART0_RX","data",19.1043205,0.00008225,0x00,
"U13C_USART0_RX","data",19.10440725,0.00008225,0xC4,
"U13C_USART0_RX","data",19.104494,0.00008225,0x00,
"U13C_USART0_TX","data",19.104598,0.00008225,0xD5,
"U13C_USART0_TX","data",19.104689,0.00008225,0xE5,
"U13C_USART0_TX","data",19.10477675,0.00008225,0x00,
"U13C_USART0_TX","data",19.10487625,0.00008225,0x00,
"U13C_USART0_TX","data",19.104964,0.00008225,0x06,
"U13C_USART0_TX","data",19.10506425,0.00008225,0x00,
"U13C_USART0_TX","data",19.105152,0.00008225,0x1B,
"U13C_USART0_TX","data",19.10525175,0.00008225,0x00,
"U13C_USART0_TX","data",19.1053395,0.00008225,0x10,
"U13C_USART0_TX","data",19.10543925,0.00008225,0x00,
"U13C_USART0_TX","data",19.105527,0.00008225,0x05,
"U13C_USART0_RX","data",19.26368875,0.00008225,0xD5,
"U13C_USART0_RX","data",19.2637755,0.00008225,0xE5,
"U13C_USART0_RX","data",19.26386225,0.00008225,0x00,
"U13C_USART0_RX","data",19.263949,0.00008225,0x00,
"U13C_USART0_RX","data",19.2640355,0.00008225,0x02,
"U13C_USART0_RX","data",19.26412225,0.00008225,0x00,
"U13C_USART0_RX","data",19.264209,0.00008225,0x4F,
"U13C_USART0_RX","data",19.26429575,0.00008225,0x09,
"U13C_USART0_RX","data",19.2643825,0.00008225,0x00,
"U13C_USART0_RX","data",19.264469,0.00008225,0xC4,
"U13C_USART0_RX","data",19.26455575,0.00008225,0x00,
"U13C_USART0_TX","data",19.2646885,0.00008225,0xD5,
"U13C_USART0_TX","data",19.26477625,0.00008225,0xE5,
"U13C_USART0_TX","data",19.26487375,0.00008225,0x00,
"U13C_USART0_TX","data",19.2649615,0.00008225,0x00,
"U13C_USART0_TX","data",19.26506125,0.00008225,0x06,
"U13C_USART0_TX","data",19.265149,0.00008225,0x00,
"U13C_USART0_TX","data",19.2652485,0.00008225,0x1B,
"U13C_USART0_TX","data",19.26533625,0.00008225,0x00,
"U13C_USART0_TX","data",19.2654365,0.00008225,0x10,
"U13C_USART0_TX","data",19.26552425,0.00008225,0x00,
"U13C_USART0_TX","data",19.265624,0.00008225,0x05,
"U13C_USART0_RX","data",19.42375025,0.00008225,0xD5,
"U13C_USART0_RX","data",19.423837,0.00008225,0xE5,
"U13C_USART0_RX","data",19.42392375,0.00008225,0x00,
"U13C_USART0_RX","data",19.4240105,0.00008225,0x00,
"U13C_USART0_RX","data",19.42409725,0.00008225,0x02,
"U13C_USART0_RX","data",19.42418375,0.00008225,0x00,
"U13C_USART0_RX","data",19.4242705,0.00008225,0x4F,
"U13C_USART0_RX","data",19.42435725,0.00008225,0x09,
"U13C_USART0_RX","data",19.424444,0.00008225,0x00,
"U13C_USART0_RX","data",19.42453075,0.00008225,0xC4,
"U13C_USART0_RX","data",19.42461725,0.00008225,0x00,
"U13C_USART0_TX","data",19.42474775,0.00008225,0xD5,
"U13C_USART0_TX","data",19.4248355,0.00008225,0xE5,
"U13C_USART0_TX","data",19.424928,0.00008225,0x00,
"U13C_USART0_TX","data",19.42501575,0.00008225,0x00,
"U13C_USART0_TX","data",19.4251155,0.00008225,0x06,
"U13C_USART0_TX","data",19.42520325,0.00008225,0x00,
"U13C_USART0_TX","data",19.42530325,0.00008225,0x1B,
"U13C_USART0_TX","data",19.425391,0.00008225,0x00,
"U13C_USART0_TX","data",19.42549075,0.00008225,0x10,
"U13C_USART0_TX","data",19.4255785,0.00008225,0x00,
"U13C_USART0_TX","data",19.42567825,0.00008225,0x05,
"U13C_USART0_RX","data",19.58381225,0.00008225,0xD5,
"U13C_USART0_RX","data",19.583899,0.00008225,0xE5,
"U13C_USART0_RX","data",19.58398575,0.00008225,0x00,
"U13C_USART0_RX","data",19.58407225,0.00008225,0x00,
"U13C_USART0_RX","data",19.584159,0.00008225,0x02,
"U13C_USART0_RX","data",19.58424575,0.00008225,0x00,
"U13C_USART0_RX","data",19.5843325,0.00008225,0x4F,
"U13C_USART0_RX","data",19.58441925,0.00008225,0x09,
"U13C_USART0_RX","data",19.58450575,0.00008225,0x00,
"U13C_USART0_RX","data",19.5845925,0.00008225,0xC4,
"U13C_USART0_RX","data",19.58467925,0.00008225,0x00,
"U13C_USART0_TX","data",19.5848075,0.00008225,0xD5,
"U13C_USART0_TX","data",19.58491925,0.00008225,0xE5,
"U13C_USART0_TX","data",19.585007,0.00008225,0x00,
"U13C_USART0_TX","data",19.5851065,0.00008225,0x00,
"U13C_USART0_TX","data",19.58519425,0.00008225,0x06,
"U13C_USART0_TX","data",19.585294,0.00008225,0x00,
"U13C_USART0_TX","data",19.58538175,0.00008225,0x1B,
"U13C_USART0_TX","data",19.58548125,0.00008225,0x00,
"U13C_USART0_TX","data",19.585569,0.00008225,0x10,
"U13C_USART0_TX","data",19.58566875,0.00008225,0x00,
"U13C_USART0_TX","data",19.5857565,0.00008225,0x05,
"U13C_USART0_RX","data",19.7478505,0.00008225,0xD5,
"U13C_USART0_RX","data",19.74793725,0.00008225,0xE5,
"U13C_USART0_RX","data",19.748024,0.00008225,0x00,
"U13C_USART0_RX","data",19.7481105,0.00008225,0x00,
"U13C_USART0_RX","data",19.74819725,0.00008225,0x02,
"U13C_USART0_RX","data",19.748284,0.00008225,0x00,
"U13C_USART0_RX","data",19.74837075,0.00008225,0x4F,
"U13C_USART0_RX","data",19.7484575,0.00008225,0x09,
"U13C_USART0_RX","data",19.748544,0.00008225,0x00,
"U13C_USART0_RX","data",19.74863075,0.00008225,0xC4,
"U13C_USART0_RX","data",19.7487175,0.00008225,0x00,
"U13C_USART0_TX","data",19.74884475,0.00008225,0xD5,
"U13C_USART0_TX","data",19.7489325,0.00008225,0xE5,
"U13C_USART0_TX","data",19.749032,0.00008225,0x00,
"U13C_USART0_TX","data",19.74911975,0.00008225,0x00,
"U13C_USART0_TX","data",19.7492195,0.00008225,0x06,
"U13C_USART0_TX","data",19.74930725,0.00008225,0x00,
"U13C_USART0_TX","data",19.749407,0.00008225,0x1B,
"U13C_USART0_TX","data",19.74949475,0.00008225,0x00,
"U13C_USART0_TX","data",19.74959425,0.00008225,0x10,
"U13C_USART0_TX","data",19.749682,0.00008225,0x00,
"U13C_USART0_TX","data",19.74978175,0.00008225,0x05,
"U13C_USART0_RX","data",19.912904,0.00008225,0xD5,
"U13C_USART0_RX","data",19.9129905,0.00008225,0xE5,
"U13C_USART0_RX","data",19.91307725,0.00008225,0x00,
"U13C_USART0_RX","data",19.913164,0.00008225,0x00,
"U13C_USART0_RX","data",19.91325075,0.00008225,0x02,
"U13C_USART0_RX","data",19.9133375,0.00008225,0x00,
"U13C_USART0_RX","data",19.913424,0.00008225,0x4F,
"U13C_USART0_RX","data",19.91351075,0.00008225,0x09,
"U13C_USART0_RX","data",19.9135975,0.00008225,0x00,
"U13C_USART0_RX","data",19.91368425,0.00008225,0xC4,
"U13C_USART0_RX","data",19.913771,0.00008225,0x00,
"U13C_USART0_TX","data",19.91389975,0.00008225,0xD5,
"U13C_USART0_TX","data",19.9139875,0.00008225,0xE5,
"U13C_USART0_TX","data",19.91408675,0.00008225,0x00,
"U13C_USART0_TX","data",19.9141745,0.00008225,0x00,
"U13C_USART0_TX","data",19.91427475,0.00008225,0x06,
"U13C_USART0_TX","data",19.9143625,0.00008225,0x00,
"U13C_USART0_TX","data",19.914462,0.00008225,0x1B,
"U13C_USART0_TX","data",19.91454975,0.00008225,0x00,
"U13C_USART0_TX","data",19.9146495,0.00008225,0x10,
"U13C_USART0_TX","data",19.91473725,0.00008225,0x00,
"U13C_USART0_TX","data",19.914837,0.00008225,0x05,
"U13C_USART0_RX","data",20.0780025,0.00008225,0xD5,
"U13C_USART0_RX","data",20.07808925,0.00008225,0xE5,
"U13C_USART0_RX","data",20.078176,0.00008225,0x00,
"U13C_USART0_RX","data",20.0782625,0.00008225,0x00,
"U13C_USART0_RX","data",20.07834925,0.00008225,0x02,
"U13C_USART0_RX","data",20.078436,0.00008225,0x00,
"U13C_USART0_RX","data",20.07852275,0.00008225,0x4F,
"U13C_USART0_RX","data",20.0786095,0.00008225,0x09,
"U13C_USART0_RX","data",20.078696,0.00008225,0x00,
"U13C_USART0_RX","data",20.07878275,0.00008225,0xC4,
"U13C_USART0_RX","data",20.0788695,0.00008225,0x00,
"U13C_USART0_TX","data",20.0789775,0.00008225,0xD5,
"U13C_USART0_TX","data",20.079076,0.00008225,0xE5,
"U13C_USART0_TX","data",20.07916375,0.00008225,0x00,
"U13C_USART0_TX","data",20.0792635,0.00008225,0x00,
"U13C_USART0_TX","data",20.07935125,0.00008225,0x06,
"U13C_USART0_TX","data",20.07945075,0.00008225,0x00,
"U13C_USART0_TX","data",20.0795385,0.00008225,0x1B,
"U13C_USART0_TX","data",20.07963825,0.00008225,0x00,
"U13C_USART0_TX","data",20.079726,0.00008225,0x10,
"U13C_USART0_TX","data",20.0798255,0.00008225,0x00,
"U13C_USART0_TX","data",20.07991325,0.00008225,0x05,
"U13C_USART0_RX","data",20.24303075,0.00008225,0xD5,
"U13C_USART0_RX","data",20.2431175,0.00008225,0xE5,
"U13C_USART0_RX","data",20.243204,0.00008225,0x00,
"U13C_USART0_RX","data",20.24329075,0.00008225,0x00,
"U13C_USART0_RX","data",20.2433775,0.00008225,0x02,
"U13C_USART0_RX","data",20.24346425,0.00008225,0x00,
"U13C_USART0_RX","data",20.243551,0.00008225,0x4F,
"U13C_USART0_RX","data",20.2436375,0.00008225,0x09,
"U13C_USART0_RX","data",20.24372425,0.00008225,0x00,
"U13C_USART0_RX","data",20.243811,0.00008225,0xC4,
"U13C_USART0_RX","data",20.24389775,0.00008225,0x00,
"U13C_USART0_TX","data",20.2440205,0.00008225,0xD5,
"U13C_USART0_TX","data",20.24412775,0.00008225,0xE5,
"U13C_USART0_TX","data",20.2442155,0.00008225,0x00,
"U13C_USART0_TX","data",20.244319,0.00008225,0x00,
"U13C_USART0_TX","data",20.24440675,0.00008225,0x06,
"U13C_USART0_TX","data",20.2445025,0.00008225,0x00,
"U13C_USART0_TX","data",20.24459025,0.00008225,0x1B,
"U13C_USART0_TX","data",20.24469,0.00008225,0x00,
"U13C_USART0_TX","data",20.24477775,0.00008225,0x10,
"U13C_USART0_TX","data",20.2448775,0.00008225,0x00,
"U13C_USART0_TX","data",20.24496525,0.00008225,0x05,
"U13C_USART0_RX","data",20.408124,0.00008225,0xD5,
"U13C_USART0_RX","data",20.40821075,0.00008225,0xE5,
"U13C_USART0_RX","data",20.4082975,0.00008225,0x00,
"U13C_USART0_RX","data",20.40838425,0.00008225,0x00,
"U13C_USART0_RX","data",20.40847075,0.00008225,0x02,
"U13C_USART0_RX","data",20.4085575,0.00008225,0x00,
"U13C_USART0_RX","data",20.40864425,0.00008225,0x4F,
"U13C_USART0_RX","data",20.408731,0.00008225,0x09,
"U13C_USART0_RX","data",20.40881775,0.00008225,0x00,
"U13C_USART0_RX","data",20.40890425,0.00008225,0xC4,
"U13C_USART0_RX","data",20.408991,0.00008225,0x00,
"U13C_USART0_TX","data",20.409124,0.00008225,0xD5,
"U13C_USART0_TX","data",20.40921175,0.00008225,0xE5,
"U13C_USART0_TX","data",20.40931475,0.00008225,0x00,
"U13C_USART0_TX","data",20.4094025,0.00008225,0x00,
"U13C_USART0_TX","data",20.40949825,0.00008225,0x06,
"U13C_USART0_TX","data",20.409586,0.00008225,0x00,
"U13C_USART0_TX","data",20.40968575,0.00008225,0x1B,
"U13C_USART0_TX","data",20.4097735,0.00008225,0x00,
"U13C_USART0_TX","data",20.40987325,0.00008225,0x10,
"U13C_USART0_TX","data",20.409961,0.00008225,0x00,
"U13C_USART0_TX","data",20.4100605,0.00008225,0x05,
"U13C_USART0_RX","data",20.57315825,0.00008225,0xD5,
"U13C_USART0_RX","data",20.573245,0.00008225,0xE5,
"U13C_USART0_RX","data",20.57333175,0.00008225,0x00,
"U13C_USART0_RX","data",20.5734185,0.00008225,0x00,
"U13C_USART0_RX","data",20.573505,0.00008225,0x02,
"U13C_USART0_RX","data",20.57359175,0.00008225,0x00,
"U13C_USART0_RX","data",20.5736785,0.00008225,0x4F,
"U13C_USART0_RX","data",20.57376525,0.00008225,0x09,
"U13C_USART0_RX","data",20.573852,0.00008225,0x00,
"U13C_USART0_RX","data",20.5739385,0.00008225,0xC4,
"U13C_USART0_RX","data",20.57402525,0.00008225,0x00,
"U13C_USART0_TX","data",20.57413825,0.00008225,0xD5,
"U13C_USART0_TX","data",20.574245,0.00008225,0xE5,
"U13C_USART0_TX","data",20.57433275,0.00008225,0x00,
"U13C_USART0_TX","data",20.57443225,0.00008225,0x00,
"U13C_USART0_TX","data",20.57452,0.00008225,0x06,
"U13C_USART0_TX","data",20.57461975,0.00008225,0x00,
"U13C_USART0_TX","data",20.5747075,0.00008225,0x1B,
"U13C_USART0_TX","data",20.57480725,0.00008225,0x00,
"U13C_USART0_TX","data",20.574895,0.00008225,0x10,
"U13C_USART0_TX","data",20.57499525,0.00008225,0x00,
"U13C_USART0_TX","data",20.575083,0.00008225,0x05,
"U13C_USART0_RX","data",20.73824525,0.00008225,0xD5,
"U13C_USART0_RX","data",20.738332,0.00008225,0xE5,
"U13C_USART0_RX","data",20.73841875,0.00008225,0x00,
"U13C_USART0_RX","data",20.7385055,0.00008225,0x00,
"U13C_USART0_RX","data",20.73859225,0.00008225,0x02,
"U13C_USART0_RX","data",20.73867875,0.00008225,0x00,
"U13C_USART0_RX","data",20.7387655,0.00008225,0x4F,
"U13C_USART0_RX","data",20.73885225,0.00008225,0x09,
"U13C_USART0_RX","data",20.738939,0.00008225,0x00,
"U13C_USART0_RX","data",20.73902575,0.00008225,0xC4,
"U13C_USART0_RX","data",20.73911225,0.00008225,0x00,
"U13C_USART0_TX","data",20.73924225,0.00008225,0xD5,
"U13C_USART0_TX","data",20.73933,0.00008225,0xE5,
"U13C_USART0_TX","data",20.7394285,0.00008225,0x00,
"U13C_USART0_TX","data",20.73951625,0.00008225,0x00,
"U13C_USART0_TX","data",20.739616,0.00008225,0x06,
"U13C_USART0_TX","data",20.73970375,0.00008225,0x00,
"U13C_USART0_TX","data",20.73980325,0.00008225,0x1B,
"U13C_USART0_TX","data",20.739891,0.00008225,0x00,
"U13C_USART0_TX","data",20.73999075,0.00008225,0x10,
"U13C_USART0_TX","data",20.7400785,0.00008225,0x00,
"U13C_USART0_TX","data",20.74017825,0.00008225,0x05,
"U13C_USART0_RX","data",20.903286,0.00008225,0xD5,
"U13C_USART0_RX","data",20.9033725,0.00008225,0xE5,
"U13C_USART0_RX","data",20.90345925,0.00008225,0x00,
"U13C_USART0_RX","data",20.903546,0.00008225,0x00,
"U13C_USART0_RX","data",20.90363275,0.00008225,0x02,
"U13C_USART0_RX","data",20.9037195,0.00008225,0x00,
"U13C_USART0_RX","data",20.903806,0.00008225,0x4F,
"U13C_USART0_RX","data",20.90389275,0.00008225,0x09,
"U13C_USART0_RX","data",20.9039795,0.00008225,0x00,
"U13C_USART0_RX","data",20.90406625,0.00008225,0xC4,
"U13C_USART0_RX","data",20.904153,0.00008225,0x00,
"U13C_USART0_TX","data",20.90426425,0.00008225,0xD5,
"U13C_USART0_TX","data",20.9043715,0.00008225,0xE5,
"U13C_USART0_TX","data",20.90445925,0.00008225,0x00,
"U13C_USART0_TX","data",20.904559,0.00008225,0x00,
"U13C_USART0_TX","data",20.90464675,0.00008225,0x06,
"U13C_USART0_TX","data",20.90474625,0.00008225,0x00,
"U13C_USART0_TX","data",20.904834,0.00008225,0x1B,
"U13C_USART0_TX","data",20.90493375,0.00008225,0x00,
"U13C_USART0_TX","data",20.9050215,0.00008225,0x10,
"U13C_USART0_TX","data",20.90512125,0.00008225,0x00,
"U13C_USART0_TX","data",20.905209,0.00008225,0x05,
"U13C_USART0_RX","data",21.068371,0.00008225,0xD5,
"U13C_USART0_RX","data",21.06845775,0.00008225,0xE5,
"U13C_USART0_RX","data",21.0685445,0.00008225,0x00,
"U13C_USART0_RX","data",21.06863125,0.00008225,0x00,
"U13C_USART0_RX","data",21.068718,0.00008225,0x02,
"U13C_USART0_RX","data",21.0688045,0.00008225,0x00,
"U13C_USART0_RX","data",21.06889125,0.00008225,0x4F,
"U13C_USART0_RX","data",21.068978,0.00008225,0x09,
"U13C_USART0_RX","data",21.06906475,0.00008225,0x00,
"U13C_USART0_RX","data",21.0691515,0.00008225,0xC4,
"U13C_USART0_RX","data",21.069238,0.00008225,0x00,
"U13C_USART0_TX","data",21.06938425,0.00008225,0xD5,
"U13C_USART0_TX","data",21.069472,0.00008225,0xE5,
"U13C_USART0_TX","data",21.06955975,0.00008225,0x00,
"U13C_USART0_TX","data",21.0696475,0.00008225,0x00,
"U13C_USART0_TX","data",21.0697475,0.00008225,0x06,
"U13C_USART0_TX","data",21.06983525,0.00008225,0x00,
"U13C_USART0_TX","data",21.069935,0.00008225,0x1B,
"U13C_USART0_TX","data",21.07002275,0.00008225,0x00,
"U13C_USART0_TX","data",21.0701225,0.00008225,0x10,
"U13C_USART0_TX","data",21.07021025,0.00008225,0x00,
"U13C_USART0_TX","data",21.070314,0.00008225,0x05,
"U13C_USART0_RX","data",21.2334135,0.00008225,0xD5,
"U13C_USART0_RX","data",21.23350025,0.00008225,0xE5,
"U13C_USART0_RX","data",21.233587,0.00008225,0x00,
"U13C_USART0_RX","data",21.2336735,0.00008225,0x00,
"U13C_USART0_RX","data",21.23376025,0.00008225,0x02,
"U13C_USART0_RX","data",21.233847,0.00008225,0x00,
"U13C_USART0_RX","data",21.23393375,0.00008225,0x4F,
"U13C_USART0_RX","data",21.2340205,0.00008225,0x09,
"U13C_USART0_RX","data",21.234107,0.00008225,0x00,
"U13C_USART0_RX","data",21.23419375,0.00008225,0xC4,
"U13C_USART0_RX","data",21.2342805,0.00008225,0x00,
"U13C_USART0_TX","data",21.23439375,0.00008225,0xD5,
"U13C_USART0_TX","data",21.23449575,0.00008225,0xE5,
"U13C_USART0_TX","data",21.2345835,0.00008225,0x00,
"U13C_USART0_TX","data",21.234683,0.00008225,0x00,
"U13C_USART0_TX","data",21.23477075,0.00008225,0x06,
"U13C_USART0_TX","data",21.2348705,0.00008225,0x00,
"U13C_USART0_TX","data",21.23495825,0.00008225,0x1B,
"U13C_USART0_TX","data",21.2350585,0.00008225,0x00,
"U13C_USART0_TX","data",21.23514625,0.00008225,0x10,
"U13C_USART0_TX","data",21.23524575,0.00008225,0x00,
"U13C_USART0_TX","data",21.2353335,0.00008225,0x05,
"U13C_USART0_RX","data",21.39850025,0.00008225,0xD5,
"U13C_USART0_RX","data",21.398587,0.00008225,0xE5,
"U13C_USART0_RX","data",21.39867375,0.00008225,0x00,
"U13C_USART0_RX","data",21.3987605,0.00008225,0x00,
"U13C_USART0_RX","data",21.398847,0.00008225,0x02,
"U13C_USART0_RX","data",21.39893375,0.00008225,0x00,
"U13C_USART0_RX","data",21.3990205,0.00008225,0x4F,
"U13C_USART0_RX","data",21.39910725,0.00008225,0x09,
"U13C_USART0_RX","data",21.399194,0.00008225,0x00,
"U13C_USART0_RX","data",21.3992805,0.00008225,0xC4,
"U13C_USART0_RX","data",21.39936725,0.00008225,0x00,
"U13C_USART0_TX","data",21.3994945,0.00008225,0xD5,
"U13C_USART0_TX","data",21.39958225,0.00008225,0xE5,
"U13C_USART0_TX","data",21.399675,0.00008225,0x00,
"U13C_USART0_TX","data",21.39976275,0.00008225,0x00,
"U13C_USART0_TX","data",21.39986225,0.00008225,0x06,
"U13C_USART0_TX","data",21.39995,0.00008225,0x00,
"U13C_USART0_TX","data",21.40004975,0.00008225,0x1B,
"U13C_USART0_TX","data",21.4001375,0.00008225,0x00,
"U13C_USART0_TX","data",21.40023725,0.00008225,0x10,
"U13C_USART0_TX","data",21.400325,0.00008225,0x00,
"U13C_USART0_TX","data",21.4004245,0.00008225,0x05,
"U13C_USART0_RX","data",21.563541,0.00008225,0xD5,
"U13C_USART0_RX","data",21.56362775,0.00008225,0xE5,
"U13C_USART0_RX","data",21.5637145,0.00008225,0x00,
"U13C_USART0_RX","data",21.56380125,0.00008225,0x00,
"U13C_USART0_RX","data",21.563888,0.00008225,0x02,
"U13C_USART0_RX","data",21.5639745,0.00008225,0x00,
"U13C_USART0_RX","data",21.56406125,0.00008225,0x4F,
"U13C_USART0_RX","data",21.564148,0.00008225,0x09,
"U13C_USART0_RX","data",21.56423475,0.00008225,0x00,
"U13C_USART0_RX","data",21.5643215,0.00008225,0xC4,
"U13C_USART0_RX","data",21.564408,0.00008225,0x00,
"U13C_USART0_TX","data",21.564538,0.00008225,0xD5,
"U13C_USART0_TX","data",21.56462575,0.00008225,0xE5,
"U13C_USART0_TX","data",21.5647195,0.00008225,0x00,
"U13C_USART0_TX","data",21.56480725,0.00008225,0x00,
"U13C_USART0_TX","data",21.56490675,0.00008225,0x06,
"U13C_USART0_TX","data",21.5649945,0.00008225,0x00,
"U13C_USART0_TX","data",21.56509425,0.00008225,0x1B,
"U13C_USART0_TX","data",21.565182,0.00008225,0x00,
"U13C_USART0_TX","data",21.5652855,0.00008225,0x10,
"U13C_USART0_TX","data",21.56537325,0.00008225,0x00,
"U13C_USART0_TX","data",21.565469,0.00008225,0x05,
"U13C_USART0_RX","data",21.728628,0.00008225,0xD5,
"U13C_USART0_RX","data",21.7287145,0.00008225,0xE5,
"U13C_USART0_RX","data",21.72880125,0.00008225,0x00,
"U13C_USART0_RX","data",21.728888,0.00008225,0x00,
"U13C_USART0_RX","data",21.72897475,0.00008225,0x02,
"U13C_USART0_RX","data",21.7290615,0.00008225,0x00,
"U13C_USART0_RX","data",21.729148,0.00008225,0x4F,
"U13C_USART0_RX","data",21.72923475,0.00008225,0x09,
"U13C_USART0_RX","data",21.7293215,0.00008225,0x00,
"U13C_USART0_RX","data",21.72940825,0.00008225,0xC4,
"U13C_USART0_RX","data",21.729495,0.00008225,0x00,
"U13C_USART0_TX","data",21.729612,0.00008225,0xD5,
"U13C_USART0_TX","data",21.729717,0.00008225,0xE5,
"U13C_USART0_TX","data",21.72980475,0.00008225,0x00,
"U13C_USART0_TX","data",21.7299045,0.00008225,0x00,
"U13C_USART0_TX","data",21.72999225,0.00008225,0x06,
"U13C_USART0_TX","data",21.730092,0.00008225,0x00,
"U13C_USART0_TX","data",21.73017975,0.00008225,0x1B,
"U13C_USART0_TX","data",21.73028375,0.00008225,0x00,
"U13C_USART0_TX","data",21.7303715,0.00008225,0x10,
"U13C_USART0_TX","data",21.73046725,0.00008225,0x00,
"U13C_USART0_TX","data",21.730555,0.00008225,0x05,
"U13C_USART0_RX","data",21.89366825,0.00008225,0xD5,
"U13C_USART0_RX","data",21.89375475,0.00008225,0xE5,
"U13C_USART0_RX","data",21.8938415,0.00008225,0x00,
"U13C_USART0_RX","data",21.89392825,0.00008225,0x00,
"U13C_USART0_RX","data",21.894015,0.00008225,0x02,
"U13C_USART0_RX","data",21.89410175,0.00008225,0x00,
"U13C_USART0_RX","data",21.89418825,0.00008225,0x4F,
"U13C_USART0_RX","data",21.894275,0.00008225,0x09,
"U13C_USART0_RX","data",21.89436175,0.00008225,0x00,
"U13C_USART0_RX","data",21.8944485,0.00008225,0xC4,
"U13C_USART0_RX","data",21.89453525,0.00008225,0x00,
"U13C_USART0_TX","data",21.89466275,0.00008225,0xD5,
"U13C_USART0_TX","data",21.8947505,0.00008225,0xE5,
"U13C_USART0_TX","data",21.89484375,0.00008225,0x00,
"U13C_USART0_TX","data",21.8949315,0.00008225,0x00,
"U13C_USART0_TX","data",21.89503125,0.00008225,0x06,
"U13C_USART0_TX","data",21.895119,0.00008225,0x00,
"U13C_USART0_TX","data",21.8952185,0.00008225,0x1B,
"U13C_USART0_TX","data",21.89530625,0.00008225,0x00,
"U13C_USART0_TX","data",21.895406,0.00008225,0x10,
"U13C_USART0_TX","data",21.89549375,0.00008225,0x00,
"U13C_USART0_TX","data",21.895594,0.00008225,0x05,
"U13C_USART0_RX","data",22.058755,0.00008225,0xD5,
"U13C_USART0_RX","data",22.05884175,0.00008225,0xE5,
"U13C_USART0_RX","data",22.05892825,0.00008225,0x00,
"U13C_USART0_RX","data",22.059015,0.00008225,0x00,
"U13C_USART0_RX","data",22.05910175,0.00008225,0x02,
"U13C_USART0_RX","data",22.0591885,0.00008225,0x00,
"U13C_USART0_RX","data",22.05927525,0.00008225,0x4F,
"U13C_USART0_RX","data",22.05936175,0.00008225,0x09,
"U13C_USART0_RX","data",22.0594485,0.00008225,0x00,
"U13C_USART0_RX","data",22.05953525,0.00008225,0xC4,
"U13C_USART0_RX","data",22.059622,0.00008225,0x00,
"U13C_USART0_TX","data",22.05973775,0.00008225,0xD5,
"U13C_USART0_TX","data",22.05984275,0.00008225,0xE5,
"U13C_USART0_TX","data",22.0599305,0.00008225,0x00,
"U13C_USART0_TX","data",22.06003075,0.00008225,0x00,
"U13C_USART0_TX","data",22.0601185,0.00008225,0x06,
"U13C_USART0_TX","data",22.060218,0.00008225,0x00,
"U13C_USART0_TX","data",22.06030575,0.00008225,0x1B,
"U13C_USART0_TX","data",22.0604055,0.00008225,0x00,
"U13C_USART0_TX","data",22.06049325,0.00008225,0x10,
"U13C_USART0_TX","data",22.060593,0.00008225,0x00,
"U13C_USART0_TX","data",22.06068075,0.00008225,0x05,
"U13C_USART0_RX","data",22.22379575,0.00008225,0xD5,
"U13C_USART0_RX","data",22.2238825,0.00008225,0xE5,
"U13C_USART0_RX","data",22.22396925,0.00008225,0x00,
"U13C_USART0_RX","data",22.22405575,0.00008225,0x00,
"U13C_USART0_RX","data",22.2241425,0.00008225,0x02,
"U13C_USART0_RX","data",22.22422925,0.00008225,0x00,
"U13C_USART0_RX","data",22.224316,0.00008225,0x4F,
"U13C_USART0_RX","data",22.22440275,0.00008225,0x09,
"U13C_USART0_RX","data",22.22448925,0.00008225,0x00,
"U13C_USART0_RX","data",22.224576,0.00008225,0xC4,
"U13C_USART0_RX","data",22.22466275,0.00008225,0x00,
"U13C_USART0_TX","data",22.224795,0.00008225,0xD5,
"U13C_USART0_TX","data",22.22488275,0.00008225,0xE5,
"U13C_USART0_TX","data",22.2249705,0.00008225,0x00,
"U13C_USART0_TX","data",22.22505825,0.00008225,0x00,
"U13C_USART0_TX","data",22.22515775,0.00008225,0x06,
"U13C_USART0_TX","data",22.2252455,0.00008225,0x00,
"U13C_USART0_TX","data",22.22534525,0.00008225,0x1B,
"U13C_USART0_TX","data",22.225433,0.00008225,0x00,
"U13C_USART0_TX","data",22.22553275,0.00008225,0x10,
"U13C_USART0_TX","data",22.2256205,0.00008225,0x00,
"U13C_USART0_TX","data",22.22572,0.00008225,0x05,
"U13C_USART0_RX","data",22.388883,0.00008225,0xD5,
"U13C_USART0_RX","data",22.38896975,0.00008225,0xE5,
"U13C_USART0_RX","data",22.3890565,0.00008225,0x00,
"U13C_USART0_RX","data",22.38914325,0.00008225,0x00,
"U13C_USART0_RX","data",22.38922975,0.00008225,0x02,
"U13C_USART0_RX","data",22.3893165,0.00008225,0x00,
"U13C_USART0_RX","data",22.38940325,0.00008225,0x4F,
"U13C_USART0_RX","data",22.38949,0.00008225,0x09,
"U13C_USART0_RX","data",22.38957675,0.00008225,0x00,
"U13C_USART0_RX","data",22.38966325,0.00008225,0xC4,
"U13C_USART0_RX","data",22.38975,0.00008225,0x00,
"U13C_USART0_TX","data",22.38987275,0.00008225,0xD5,
"U13C_USART0_TX","data",22.3899785,0.00008225,0xE5,
"U13C_USART0_TX","data",22.39006625,0.00008225,0x00,
"U13C_USART0_TX","data",22.390166,0.00008225,0x00,
"U13C_USART0_TX","data",22.3902535,0.00008225,0x06,
"U13C_USART0_TX","data",22.39035325,0.00008225,0x00,
"U13C_USART0_TX","data",22.390441,0.00008225,0x1B,
"U13C_USART0_TX","data",22.39054075,0.00008225,0x00,
"U13C_USART0_TX","data",22.3906285,0.00008225,0x10,
"U13C_USART0_TX","data",22.390728,0.00008225,0x00,
"U13C_USART0_TX","data",22.39081575,0.00008225,0x05,
"U13C_USART0_RX","data",22.55392325,0.00008225,0xD5,
"U13C_USART0_RX","data",22.55401,0.00008225,0xE5,
"U13C_USART0_RX","data",22.55409675,0.00008225,0x00,
"U13C_USART0_RX","data",22.5541835,0.00008225,0x00,
"U13C_USART0_RX","data",22.55427025,0.00008225,0x02,
"U13C_USART0_RX","data",22.55435675,0.00008225,0x00,
"U13C_USART0_RX","data",22.5544435,0.00008225,0x4F,
"U13C_USART0_RX","data",22.55453025,0.00008225,0x09,
"U13C_USART0_RX","data",22.554617,0.00008225,0x00,
"U13C_USART0_RX","data",22.55470375,0.00008225,0xC4,
"U13C_USART0_RX","data",22.55479025,0.00008225,0x00,
"U13C_USART0_TX","data",22.55489625,0.00008225,0xD5,
"U13C_USART0_TX","data",22.554984,0.00008225,0xE5,
"U13C_USART0_TX","data",22.55507175,0.00008225,0x00,
"U13C_USART0_TX","data",22.55517175,0.00008225,0x00,
"U13C_USART0_TX","data",22.5552595,0.00008225,0x06,
"U13C_USART0_TX","data",22.55535925,0.00008225,0x00,
"U13C_USART0_TX","data",22.555447,0.00008225,0x1B,
"U13C_USART0_TX","data",22.55554675,0.00008225,0x00,
"U13C_USART0_TX","data",22.5556345,0.00008225,0x10,
"U13C_USART0_TX","data",22.555734,0.00008225,0x00,
"U13C_USART0_TX","data",22.55582175,0.00008225,0x05,
"U13C_USART0_RX","data",22.71901075,0.00008225,0xD5,
"U13C_USART0_RX","data",22.71909725,0.00008225,0xE5,
"U13C_USART0_RX","data",22.719184,0.00008225,0x00,
"U13C_USART0_RX","data",22.71927075,0.00008225,0x00,
"U13C_USART0_RX","data",22.7193575,0.00008225,0x02,
"U13C_USART0_RX","data",22.71944425,0.00008225,0x00,
"U13C_USART0_RX","data",22.71953075,0.00008225,0x4F,
"U13C_USART0_RX","data",22.7196175,0.00008225,0x09,
"U13C_USART0_RX","data",22.71970425,0.00008225,0x00,
"U13C_USART0_RX","data",22.719791,0.00008225,0xC4,
"U13C_USART0_RX","data",22.71987775,0.00008225,0x00,
"U13C_USART0_TX","data",22.720003,0.00008225,0xD5,
"U13C_USART0_TX","data",22.7201075,0.00008225,0xE5,
"U13C_USART0_TX","data",22.72019525,0.00008225,0x00,
"U13C_USART0_TX","data",22.72029925,0.00008225,0x00,
"U13C_USART0_TX","data",22.720387,0.00008225,0x06,
"U13C_USART0_TX","data",22.72048275,0.00008225,0x00,
"U13C_USART0_TX","data",22.7205705,0.00008225,0x1B,
"U13C_USART0_TX","data",22.72067025,0.00008225,0x00,
"U13C_USART0_TX","data",22.720758,0.00008225,0x10,
"U13C_USART0_TX","data",22.72085775,0.00008225,0x00,
"U13C_USART0_TX","data",22.7209455,0.00008225,0x05,
"U13C_USART0_RX","data",22.8840545,0.00008225,0xD5,
"U13C_USART0_RX","data",22.88414125,0.00008225,0xE5,
"U13C_USART0_RX","data",22.884228,0.00008225,0x00,
"U13C_USART0_RX","data",22.88431475,0.00008225,0x00,
"U13C_USART0_RX","data",22.8844015,0.00008225,0x02,
"U13C_USART0_RX","data",22.884488,0.00008225,0x00,
"U13C_USART0_RX","data",22.88457475,0.00008225,0x4F,
"U13C_USART0_RX","data",22.8846615,0.00008225,0x09,
"U13C_USART0_RX","data",22.88474825,0.00008225,0x00,
"U13C_USART0_RX","data",22.884835,0.00008225,0xC4,
"U13C_USART0_RX","data",22.8849215,0.00008225,0x00,
"U13C_USART0_TX","data",22.8850535,0.00008225,0xD5,
"U13C_USART0_TX","data",22.88514125,0.00008225,0xE5,
"U13C_USART0_TX","data",22.88524075,0.00008225,0x00,
"U13C_USART0_TX","data",22.8853285,0.00008225,0x00,
"U13C_USART0_TX","data",22.88542825,0.00008225,0x06,
"U13C_USART0_TX","data",22.885516,0.00008225,0x00,
"U13C_USART0_TX","data",22.88561575,0.00008225,0x1B,
"U13C_USART0_TX","data",22.8857035,0.00008225,0x00,
"U13C_USART0_TX","data",22.885803,0.00008225,0x10,
"U13C_USART0_TX","data",22.88589075,0.00008225,0x00,
"U13C_USART0_TX","data",22.8859905,0.00008225,0x05,
"U13C_USART0_RX","data",23.049147,0.00008225,0xD5,
"U13C_USART0_RX","data",23.0492335,0.00008225,0xE5,
"U13C_USART0_RX","data",23.04932025,0.00008225,0x00,
"U13C_USART0_RX","data",23.049407,0.00008225,0x00,
"U13C_USART0_RX","data",23.04949375,0.00008225,0x02,
"U13C_USART0_RX","data",23.0495805,0.00008225,0x00,
"U13C_USART0_RX","data",23.049667,0.00008225,0x4F,
"U13C_USART0_RX","data",23.04975375,0.00008225,0x09,
"U13C_USART0_RX","data",23.0498405,0.00008225,0x00,
"U13C_USART0_RX","data",23.04992725,0.00008225,0xC4,
"U13C_USART0_RX","data",23.050014,0.00008225,0x00,
"U13C_USART0_TX","data",23.0501395,0.00008225,0xD5,
"U13C_USART0_TX","data",23.0502445,0.00008225,0xE5,
"U13C_USART0_TX","data",23.0503325,0.00008225,0x00,
"U13C_USART0_TX","data",23.050432,0.00008225,0x00,
"U13C_USART0_TX","data",23.05051975,0.00008225,0x06,
"U13C_USART0_TX","data",23.0506195,0.00008225,0x00,
"U13C_USART0_TX","data",23.05070725,0.00008225,0x1B,
"U13C_USART0_TX","data",23.050807,0.00008225,0x00,
"U13C_USART0_TX","data",23.05089475,0.00008225,0x10,
"U13C_USART0_TX","data",23.05099475,0.00008225,0x00,
"U13C_USART0_TX","data",23.0510825,0.00008225,0x05,
"U13C_USART0_RX","data",23.214178,0.00008225,0xD5,
"U13C_USART0_RX","data",23.21426475,0.00008225,0xE5,
"U13C_USART0_RX","data",23.2143515,0.00008225,0x00,
"U13C_USART0_RX","data",23.214438,0.00008225,0x00,
"U13C_USART0_RX","data",23.21452475,0.00008225,0x02,
"U13C_USART0_RX","data",23.2146115,0.00008225,0x00,
"U13C_USART0_RX","data",23.21469825,0.00008225,0x4F,
"U13C_USART0_RX","data",23.214785,0.00008225,0x09,
"U13C_USART0_RX","data",23.2148715,0.00008225,0x00,
"U13C_USART0_RX","data",23.21495825,0.00008225,0xC4,
"U13C_USART0_RX","data",23.215045,0.00008225,0x00,
"U13C_USART0_TX","data",23.2151475,0.00008225,0xD5,
"U13C_USART0_TX","data",23.21525425,0.00008225,0xE5,
"U13C_USART0_TX","data",23.215342,0.00008225,0x00,
"U13C_USART0_TX","data",23.21544175,0.00008225,0x00,
"U13C_USART0_TX","data",23.2155295,0.00008225,0x06,
"U13C_USART0_TX","data",23.21562975,0.00008225,0x00,
"U13C_USART0_TX","data",23.2157175,0.00008225,0x1B,
"U13C_USART0_TX","data",23.215817,0.00008225,0x00,
"U13C_USART0_TX","data",23.21590475,0.00008225,0x10,
"U13C_USART0_TX","data",23.2160045,0.00008225,0x00,
"U13C_USART0_TX","data",23.21609225,0.00008225,0x05,
"U13C_USART0_RX","data",23.37926525,0.00008225,0xD5,
"U13C_USART0_RX","data",23.379352,0.00008225,0xE5,
"U13C_USART0_RX","data",23.37943875,0.00008225,0x00,
"U13C_USART0_RX","data",23.3795255,0.00008225,0x00,
"U13C_USART0_RX","data",23.379612,0.00008225,0x02,
"U13C_USART0_RX","data",23.37969875,0.00008225,0x00,
"U13C_USART0_RX","data",23.3797855,0.00008225,0x4F,
"U13C_USART0_RX","data",23.37987225,0.00008225,0x09,
"U13C_USART0_RX","data",23.379959,0.00008225,0x00,
"U13C_USART0_RX","data",23.3800455,0.00008225,0xC4,
"U13C_USART0_RX","data",23.38013225,0.00008225,0x00,
"U13C_USART0_TX","data",23.380236,0.00008225,0xD5,
"U13C_USART0_TX","data",23.38033175,0.00008225,0xE5,
"U13C_USART0_TX","data",23.3804195,0.00008225,0x00,
"U13C_USART0_TX","data",23.380516,0.00008225,0x00,
"U13C_USART0_TX","data",23.38060375,0.00008225,0x06,
"U13C_USART0_TX","data",23.3807035,0.00008225,0x00,
"U13C_USART0_TX","data",23.38079125,0.00008225,0x1B,
"U13C_USART0_TX","data",23.380891,0.00008225,0x00,
"U13C_USART0_TX","data",23.38097875,0.00008225,0x10,
"U13C_USART0_TX","data",23.38107825,0.00008225,0x00,
"U13C_USART0_TX","data",23.381166,0.00008225,0x05,
"U13C_USART0_RX","data",23.544305,0.00008225,0xD5,
"U13C_USART0_RX","data",23.54439175,0.00008225,0xE5,
"U13C_USART0_RX","data",23.5444785,0.00008225,0x00,
"U13C_USART0_RX","data",23.54456525,0.00008225,0x00,
"U13C_USART0_RX","data",23.54465175,0.00008225,0x02,
"U13C_USART0_RX","data",23.5447385,0.00008225,0x00,
"U13C_USART0_RX","data",23.54482525,0.00008225,0x4F,
"U13C_USART0_RX","data",23.544912,0.00008225,0x09,
"U13C_USART0_RX","data",23.54499875,0.00008225,0x00,
"U13C_USART0_RX","data",23.54508525,0.00008225,0xC4,
"U13C_USART0_RX","data",23.545172,0.00008225,0x00,
"U13C_USART0_TX","data",23.5453025,0.00008225,0xD5,
"U13C_USART0_TX","data",23.5454075,0.00008225,0xE5,
"U13C_USART0_TX","data",23.54549525,0.00008225,0x00,
"U13C_USART0_TX","data",23.545595,0.00008225,0x00,
"U13C_USART0_TX","data",23.54568275,0.00008225,0x06,
"U13C_USART0_TX","data",23.5457825,0.00008225,0x00,
"U13C_USART0_TX","data",23.54587025,0.00008225,0x1B,
"U13C_USART0_TX","data",23.54596975,0.00008225,0x00,
"U13C_USART0_TX","data",23.5460575,0.00008225,0x10,
"U13C_USART0_TX","data",23.54615775,0.00008225,0x00,
"U13C_USART0_TX","data",23.5462455,0.00008225,0x05,
"U13C_USART0_RX","data",23.709393,0.00008225,0xD5,
"U13C_USART0_RX","data",23.7094795,0.00008225,0xE5,
"U13C_USART0_RX","data",23.70956625,0.00008225,0x00,
"U13C_USART0_RX","data",23.709653,0.00008225,0x00,
"U13C_USART0_RX","data",23.70973975,0.00008225,0x02,
"U13C_USART0_RX","data",23.7098265,0.00008225,0x00,
"U13C_USART0_RX","data",23.709913,0.00008225,0x4F,
"U13C_USART0_RX","data",23.70999975,0.00008225,0x09,
"U13C_USART0_RX","data",23.7100865,0.00008225,0x00,
"U13C_USART0_RX","data",23.71017325,0.00008225,0xC4,
"U13C_USART0_RX","data",23.71026,0.00008225,0x00,
"U13C_USART0_TX","data",23.71043,0.00008225,0xD5,
"U13C_USART0_TX","data",23.710542,0.00008225,0xE5,
"U13C_USART0_TX","data",23.71062975,0.00008225,0x00,
"U13C_USART0_TX","data",23.7107305,0.00008225,0x00,
"U13C_USART0_TX","data",23.71081825,0.00008225,0x06,
"U13C_USART0_TX","data",23.710918,0.00008225,0x00,
"U13C_USART0_TX","data",23.71100575,0.00008225,0x1B,
"U13C_USART0_TX","data",23.7111055,0.00008225,0x00,
"U13C_USART0_TX","data",23.71119325,0.00008225,0x10,
"U13C_USART0_TX","data",23.71129275,0.00008225,0x00,
"U13C_USART0_TX","data",23.7113805,0.00008225,0x05,
"U13C_USART0_RX","data",23.8743465,0.00008225,0xD5,
"U13C_USART0_RX","data",23.87443325,0.00008225,0xE5,
"U13C_USART0_RX","data",23.87451975,0.00008225,0x00,
"U13C_USART0_RX","data",23.8746065,0.00008225,0x00,
"U13C_USART0_RX","data",23.87469325,0.00008225,0x02,
"U13C_USART0_RX","data",23.87478,0.00008225,0x00,
"U13C_USART0_RX","data",23.87486675,0.00008225,0x4F,
"U13C_USART0_RX","data",23.87495325,0.00008225,0x09,
"U13C_USART0_RX","data",23.87504,0.00008225,0x00,
"U13C_USART0_RX","data",23.87512675,0.00008225,0xC4,
"U13C_USART0_RX","data",23.8752135,0.00008225,0x00,
"U13C_USART0_TX","data",23.875322,0.00008225,0xD5,
"U13C_USART0_TX","data",23.87542075,0.00008225,0xE5,
"U13C_USART0_TX","data",23.8755085,0.00008225,0x00,
"U13C_USART0_TX","data",23.875608,0.00008225,0x00,
"U13C_USART0_TX","data",23.87569575,0.00008225,0x06,
"U13C_USART0_TX","data",23.8757955,0.00008225,0x00,
"U13C_USART0_TX","data",23.87588325,0.00008225,0x1B,
"U13C_USART0_TX","data",23.875983,0.00008225,0x00,
"U13C_USART0_TX","data",23.87607075,0.00008225,0x10,
"U13C_USART0_TX","data",23.87617025,0.00008225,0x00,
"U13C_USART0_TX","data",23.876258,0.00008225,0x05,
"U13C_USART0_RX","data",24.03942075,0.00008225,0xD5,
"U13C_USART0_RX","data",24.03950725,0.00008225,0xE5,
"U13C_USART0_RX","data",24.039594,0.00008225,0x00,
"U13C_USART0_RX","data",24.03968075,0.00008225,0x00,
"U13C_USART0_RX","data",24.0397675,0.00008225,0x02,
"U13C_USART0_RX","data",24.03985425,0.00008225,0x00,
"U13C_USART0_RX","data",24.03994075,0.00008225,0x4F,
"U13C_USART0_RX","data",24.0400275,0.00008225,0x09,
"U13C_USART0_RX","data",24.04011425,0.00008225,0x00,
"U13C_USART0_RX","data",24.040201,0.00008225,0xC4,
"U13C_USART0_RX","data",24.04028775,0.00008225,0x00,
"U13C_USART0_TX","data",24.0404325,0.00008225,0xD5,
"U13C_USART0_TX","data",24.04052025,0.00008225,0xE5,
"U13C_USART0_TX","data",24.0406085,0.00008225,0x00,
"U13C_USART0_TX","data",24.04069625,0.00008225,0x00,
"U13C_USART0_TX","data",24.040796,0.00008225,0x06,
"U13C_USART0_TX","data",24.04088375,0.00008225,0x00,
"U13C_USART0_TX","data",24.0409835,0.00008225,0x1B,
"U13C_USART0_TX","data",24.04107125,0.00008225,0x00,
"U13C_USART0_TX","data",24.04117075,0.00008225,0x10,
"U13C_USART0_TX","data",24.0412585,0.00008225,0x00,
"U13C_USART0_TX","data",24.0413625,0.00008225,0x05,
"U13C_USART0_RX","data",24.2044735,0.00008225,0xD5,
"U13C_USART0_RX","data",24.20456025,0.00008225,0xE5,
"U13C_USART0_RX","data",24.204647,0.00008225,0x00,
"U13C_USART0_RX","data",24.20473375,0.00008225,0x00,
"U13C_USART0_RX","data",24.20482025,0.00008225,0x02,
"U13C_USART0_RX","data",24.204907,0.00008225,0x00,
"U13C_USART0_RX","data",24.20499375,0.00008225,0x4F,
"U13C_USART0_RX","data",24.2050805,0.00008225,0x09,
"U13C_USART0_RX","data",24.20516725,0.00008225,0x00,
"U13C_USART0_RX","data",24.20525375,0.00008225,0xC4,
"U13C_USART0_RX","data",24.2053405,0.00008225,0x00,
"U13C_USART0_TX","data",24.20547375,0.00008225,0xD5,
"U13C_USART0_TX","data",24.2055615,0.00008225,0xE5,
"U13C_USART0_TX","data",24.20565025,0.00008225,0x00,
"U13C_USART0_TX","data",24.205738,0.00008225,0x00,
"U13C_USART0_TX","data",24.2058375,0.00008225,0x06,
"U13C_USART0_TX","data",24.20592525,0.00008225,0x00,
"U13C_USART0_TX","data",24.2060255,0.00008225,0x1B,
"U13C_USART0_TX","data",24.20611325,0.00008225,0x00,
"U13C_USART0_TX","data",24.206213,0.00008225,0x10,
"U13C_USART0_TX","data",24.2063005,0.00008225,0x00,
"U13C_USART0_TX","data",24.20640025,0.00008225,0x05,
"U13C_USART0_RX","data",24.36954875,0.00008225,0xD5,
"U13C_USART0_RX","data",24.3696355,0.00008225,0xE5,
"U13C_USART0_RX","data",24.36972225,0.00008225,0x00,
"U13C_USART0_RX","data",24.369809,0.00008225,0x00,
"U13C_USART0_RX","data",24.3698955,0.00008225,0x02,
"U13C_USART0_RX","data",24.36998225,0.00008225,0x00,
"U13C_USART0_RX","data",24.370069,0.00008225,0x4F,
"U13C_USART0_RX","data",24.37015575,0.00008225,0x09,
"U13C_USART0_RX","data",24.3702425,0.00008225,0x00,
"U13C_USART0_RX","data",24.370329,0.00008225,0xC4,
"U13C_USART0_RX","data",24.37041575,0.00008225,0x00,
"U13C_USART0_TX","data",24.370549,0.00008225,0xD5,
"U13C_USART0_TX","data",24.37063675,0.00008225,0xE5,
"U13C_USART0_TX","data",24.37072775,0.00008225,0x00,
"U13C_USART0_TX","data",24.3708155,0.00008225,0x00,
"U13C_USART0_TX","data",24.37091575,0.00008225,0x06,
"U13C_USART0_TX","data",24.3710035,0.00008225,0x00,
"U13C_USART0_TX","data",24.371103,0.00008225,0x1B,
"U13C_USART0_TX","data",24.37119075,0.00008225,0x00,
"U13C_USART0_TX","data",24.37129425,0.00008225,0x10,
"U13C_USART0_TX","data",24.371382,0.00008225,0x00,
"U13C_USART0_TX","data",24.37147775,0.00008225,0x05,
"U13C_USART0_RX","data",24.5346145,0.00008225,0xD5,
"U13C_USART0_RX","data",24.53470125,0.00008225,0xE5,
"U13C_USART0_RX","data",24.534788,0.00008225,0x00,
"U13C_USART0_RX","data",24.53487475,0.00008225,0x00,
"U13C_USART0_RX","data",24.53496125,0.00008225,0x02,
"U13C_USART0_RX","data",24.535048,0.00008225,0x00,
"U13C_USART0_RX","data",24.53513475,0.00008225,0x4F,
"U13C_USART0_RX","data",24.5352215,0.00008225,0x09,
"U13C_USART0_RX","data",24.53530825,0.00008225,0x00,
"U13C_USART0_RX","data",24.53539475,0.00008225,0xC4,
"U13C_USART0_RX","data",24.5354815,0.00008225,0x00,
"U13C_USART0_TX","data",24.53558775,0.00008225,0xD5,
"U13C_USART0_TX","data",24.53568625,0.00008225,0xE5,
"U13C_USART0_TX","data",24.535774,0.00008225,0x00,
"U13C_USART0_TX","data",24.53587375,0.00008225,0x00,
"U13C_USART0_TX","data",24.5359615,0.00008225,0x06,
"U13C_USART0_TX","data",24.536061,0.00008225,0x00,
"U13C_USART0_TX","data",24.53614875,0.00008225,0x1B,
"U13C_USART0_TX","data",24.53625275,0.00008225,0x00,
"U13C_USART0_TX","data",24.5363405,0.00008225,0x10,
"U13C_USART0_TX","data",24.53643575,0.00008225,0x00,
"U13C_USART0_TX","data",24.5365235,0.00008225,0x05,
"U13C_USART0_RX","data",24.69967575,0.00008225,0xD5,
"U13C_USART0_RX","data",24.6997625,0.00008225,0xE5,
"U13C_USART0_RX","data",24.69984925,0.00008225,0x00,
"U13C_USART0_RX","data",24.699936,0.00008225,0x00,
"U13C_USART0_RX","data",24.70002275,0.00008225,0x02,
"U13C_USART0_RX","data",24.70010925,0.00008225,0x00,
"U13C_USART0_RX","data",24.700196,0.00008225,0x4F,
"U13C_USART0_RX","data",24.70028275,0.00008225,0x09,
"U13C_USART0_RX","data",24.7003695,0.00008225,0x00,
"U13C_USART0_RX","data",24.70045625,0.00008225,0xC4,
"U13C_USART0_RX","data",24.70054275,0.00008225,0x00,
"U13C_USART0_TX","data",24.7006675,0.00008225,0xD5,
"U13C_USART0_TX","data",24.7007725,0.00008225,0xE5,
"U13C_USART0_TX","data",24.70086025,0.00008225,0x00,
"U13C_USART0_TX","data",24.70096,0.00008225,0x00,
"U13C_USART0_TX","data",24.70104775,0.00008225,0x06,
"U13C_USART0_TX","data",24.7011475,0.00008225,0x00,
"U13C_USART0_TX","data",24.70123525,0.00008225,0x1B,
"U13C_USART0_TX","data",24.70133475,0.00008225,0x00,
"U13C_USART0_TX","data",24.7014225,0.00008225,0x10,
"U13C_USART0_TX","data",24.70152225,0.00008225,0x00,
"U13C_USART0_TX","data",24.70161,0.00008225,0x05,
"U13C_USART0_RX","data",24.86475675,0.00008225,0xD5,
"U13C_USART0_RX","data",24.8648435,0.00008225,0xE5,
"U13C_USART0_RX","data",24.86493025,0.00008225,0x00,
"U13C_USART0_RX","data",24.865017,0.00008225,0x00,
"U13C_USART0_RX","data",24.86510375,0.00008225,0x02,
"U13C_USART0_RX","data",24.86519025,0.00008225,0x00,
"U13C_USART0_RX","data",24.865277,0.00008225,0x4F,
"U13C_USART0_RX","data",24.86536375,0.00008225,0x09,
"U13C_USART0_RX","data",24.8654505,0.00008225,0x00,
"U13C_USART0_RX","data",24.86553725,0.00008225,0xC4,
"U13C_USART0_RX","data",24.86562375,0.00008225,0x00,
"U13C_USART0_TX","data",24.865752,0.00008225,0xD5,
"U13C_USART0_TX","data",24.86586375,0.00008225,0xE5,
"U13C_USART0_TX","data",24.8659515,0.00008225,0x00,
"U13C_USART0_TX","data",24.866051,0.00008225,0x00,
"U13C_USART0_TX","data",24.86613875,0.00008225,0x06,
"U13C_USART0_TX","data",24.8662385,0.00008225,0x00,
"U13C_USART0_TX","data",24.86632625,0.00008225,0x1B,
"U13C_USART0_TX","data",24.86642575,0.00008225,0x00,
"U13C_USART0_TX","data",24.8665135,0.00008225,0x10,
"U13C_USART0_TX","data",24.86661325,0.00008225,0x00,
"U13C_USART0_TX","data",24.866701,0.00008225,0x05,
"U13C_USART0_RX","data",25.029831,0.00008225,0xD5,
"U13C_USART0_RX","data",25.02991775,0.00008225,0xE5,
"U13C_USART0_RX","data",25.0300045,0.00008225,0x00,
"U13C_USART0_RX","data",25.03009125,0.00008225,0x00,
"U13C_USART0_RX","data",25.03017775,0.00008225,0x02,
"U13C_USART0_RX","data",25.0302645,0.00008225,0x00,
"U13C_USART0_RX","data",25.03035125,0.00008225,0x4F,
"U13C_USART0_RX","data",25.030438,0.00008225,0x09,
"U13C_USART0_RX","data",25.03052475,0.00008225,0x00,
"U13C_USART0_RX","data",25.03061125,0.00008225,0xC4,
"U13C_USART0_RX","data",25.030698,0.00008225,0x00,
"U13C_USART0_TX","data",25.03080375,0.00008225,0xD5,
"U13C_USART0_TX","data",25.03089625,0.00008225,0xE5,
"U13C_USART0_TX","data",25.030984,0.00008225,0x00,
"U13C_USART0_TX","data",25.03108375,0.00008225,0x00,
"U13C_USART0_TX","data",25.0311715,0.00008225,0x06,
"U13C_USART0_TX","data",25.03127125,0.00008225,0x00,
"U13C_USART0_TX","data",25.031359,0.00008225,0x1B,
"U13C_USART0_TX","data",25.03145875,0.00008225,0x00,
"U13C_USART0_TX","data",25.0315465,0.00008225,0x10,
"U13C_USART0_TX","data",25.03164625,0.00008225,0x00,
"U13C_USART0_TX","data",25.031734,0.00008225,0x05,
"U13C_USART0_RX","data",25.19488325,0.00008225,0xD5,
"U13C_USART0_RX","data",25.19496975,0.00008225,0xE5,
"U13C_USART0_RX","data",25.1950565,0.00008225,0x00,
"U13C_USART0_RX","data",25.19514325,0.00008225,0x00,
"U13C_USART0_RX","data",25.19523,0.00008225,0x02,
"U13C_USART0_RX","data",25.19531675,0.00008225,0x00,
"U13C_USART0_RX","data",25.19540325,0.00008225,0x4F,
"U13C_USART0_RX","data",25.19549,0.00008225,0x09,
"U13C_USART0_RX","data",25.19557675,0.00008225,0x00,
"U13C_USART0_RX","data",25.1956635,0.00008225,0xC4,
"U13C_USART0_RX","data",25.19575025,0.00008225,0x00,
"U13C_USART0_TX","data",25.19586675,0.00008225,0xD5,
"U13C_USART0_TX","data",25.19597175,0.00008225,0xE5,
"U13C_USART0_TX","data",25.1960595,0.00008225,0x00,
"U13C_USART0_TX","data",25.1961635,0.00008225,0x00,
"U13C_USART0_TX","data",25.19625125,0.00008225,0x06,
"U13C_USART0_TX","data",25.19634725,0.00008225,0x00,
"U13C_USART0_TX","data",25.196435,0.00008225,0x1B,
"U13C_USART0_TX","data",25.1965345,0.00008225,0x00,
"U13C_USART0_TX","data",25.1966225,0.00008225,0x10,
"U13C_USART0_TX","data",25.196722,0.00008225,0x00,
"U13C_USART0_TX","data",25.19680975,0.00008225,0x05,
"U13C_USART0_RX","data",25.3599585,0.00008225,0xD5,
"U13C_USART0_RX","data",25.36004525,0.00008225,0xE5,
"U13C_USART0_RX","data",25.360132,0.00008225,0x00,
"U13C_USART0_RX","data",25.36021875,0.00008225,0x00,
"U13C_USART0_RX","data",25.3603055,0.00008225,0x02,
"U13C_USART0_RX","data",25.360392,0.00008225,0x00,
"U13C_USART0_RX","data",25.36047875,0.00008225,0x4F,
"U13C_USART0_RX","data",25.3605655,0.00008225,0x09,
"U13C_USART0_RX","data",25.36065225,0.00008225,0x00,
"U13C_USART0_RX","data",25.360739,0.00008225,0xC4,
"U13C_USART0_RX","data",25.3608255,0.00008225,0x00,
"U13C_USART0_TX","data",25.3609395,0.00008225,0xD5,
"U13C_USART0_TX","data",25.36104625,0.00008225,0xE5,
"U13C_USART0_TX","data",25.361134,0.00008225,0x00,
"U13C_USART0_TX","data",25.3612335,0.00008225,0x00,
"U13C_USART0_TX","data",25.36132125,0.00008225,0x06,
"U13C_USART0_TX","data",25.361421,0.00008225,0x00,
"U13C_USART0_TX","data",25.36150875,0.00008225,0x1B,
"U13C_USART0_TX","data",25.361609,0.00008225,0x00,
"U13C_USART0_TX","data",25.36169675,0.00008225,0x10,
"U13C_USART0_TX","data",25.3617965,0.00008225,0x00,
"U13C_USART0_TX","data",25.36188425,0.00008225,0x05,
"U13C_USART0_RX","data",25.52502425,0.00008225,0xD5,
"U13C_USART0_RX","data",25.525111,0.00008225,0xE5,
"U13C_USART0_RX","data",25.52519775,0.00008225,0x00,
"U13C_USART0_RX","data",25.5252845,0.00008225,0x00,
"U13C_USART0_RX","data",25.52537125,0.00008225,0x02,
"U13C_USART0_RX","data",25.52545775,0.00008225,0x00,
"U13C_USART0_RX","data",25.5255445,0.00008225,0x4F,
"U13C_USART0_RX","data",25.52563125,0.00008225,0x09,
"U13C_USART0_RX","data",25.525718,0.00008225,0x00,
"U13C_USART0_RX","data",25.52580475,0.00008225,0xC4,
"U13C_USART0_RX","data",25.52589125,0.00008225,0x00,
"U13C_USART0_TX","data",25.52600475,0.00008225,0xD5,
"U13C_USART0_TX","data",25.5261105,0.00008225,0xE5,
"U13C_USART0_TX","data",25.52619825,0.00008225,0x00,
"U13C_USART0_TX","data",25.52629775,0.00008225,0x00,
"U13C_USART0_TX","data",25.5263855,0.00008225,0x06,
"U13C_USART0_TX","data",25.52648525,0.00008225,0x00,
"U13C_USART0_TX","data",25.526573,0.00008225,0x1B,
"U13C_USART0_TX","data",25.52667275,0.00008225,0x00,
"U13C_USART0_TX","data",25.5267605,0.00008225,0x10,
"U13C_USART0_TX","data",25.52686025,0.00008225,0x00,
"U13C_USART0_TX","data",25.526948,0.00008225,0x05,
"U13C_USART0_RX","data",25.69009425,0.00008225,0xD5,
"U13C_USART0_RX","data",25.690181,0.00008225,0xE5,
"U13C_USART0_RX","data",25.69026775,0.00008225,0x00,
"U13C_USART0_RX","data",25.6903545,0.00008225,0x00,
"U13C_USART0_RX","data",25.69044125,0.00008225,0x02,
"U13C_USART0_RX","data",25.69052775,0.00008225,0x00,
"U13C_USART0_RX","data",25.6906145,0.00008225,0x4F,
"U13C_USART0_RX","data",25.69070125,0.00008225,0x09,
"U13C_USART0_RX","data",25.690788,0.00008225,0x00,
"U13C_USART0_RX","data",25.69087475,0.00008225,0xC4,
"U13C_USART0_RX","data",25.69096125,0.00008225,0x00,
"U13C_USART0_TX","data",25.69106775,0.00008225,0xD5,
"U13C_USART0_TX","data",25.691176,0.00008225,0xE5,
"U13C_USART0_TX","data",25.69126375,0.00008225,0x00,
"U13C_USART0_TX","data",25.69135975,0.00008225,0x00,
"U13C_USART0_TX","data",25.6914475,0.00008225,0x06,
"U13C_USART0_TX","data",25.69154725,0.00008225,0x00,
"U13C_USART0_TX","data",25.691635,0.00008225,0x1B,
"U13C_USART0_TX","data",25.6917345,0.00008225,0x00,
"U13C_USART0_TX","data",25.69182225,0.00008225,0x10,
"U13C_USART0_TX","data",25.691922,0.00008225,0x00,
"U13C_USART0_TX","data",25.69200975,0.00008225,0x05,
"U13C_USART0_RX","data",25.8551515,0.00008225,0xD5,
"U13C_USART0_RX","data",25.85523825,0.00008225,0xE5,
"U13C_USART0_RX","data",25.85532475,0.00008225,0x00,
"U13C_USART0_RX","data",25.8554115,0.00008225,0x00,
"U13C_USART0_RX","data",25.85549825,0.00008225,0x02,
"U13C_USART0_RX","data",25.855585,0.00008225,0x00,
"U13C_USART0_RX","data",25.85567175,0.00008225,0x4F,
"U13C_USART0_RX","data",25.85575825,0.00008225,0x09,
"U13C_USART0_RX","data",25.855845,0.00008225,0x00,
"U13C_USART0_RX","data",25.85593175,0.00008225,0xC4,
"U13C_USART0_RX","data",25.8560185,0.00008225,0x00,
"U13C_USART0_TX","data",25.85612325,0.00008225,0xD5,
"U13C_USART0_TX","data",25.85622775,0.00008225,0xE5,
"U13C_USART0_TX","data",25.8563155,0.00008225,0x00,
"U13C_USART0_TX","data",25.85641575,0.00008225,0x00,
"U13C_USART0_TX","data",25.8565035,0.00008225,0x06,
"U13C_USART0_TX","data",25.85660325,0.00008225,0x00,
"U13C_USART0_TX","data",25.856691,0.00008225,0x1B,
"U13C_USART0_TX","data",25.8567905,0.00008225,0x00,
"U13C_USART0_TX","data",25.85687825,0.00008225,0x10,
"U13C_USART0_TX","data",25.856978,0.00008225,0x00,
"U13C_USART0_TX","data",25.85706575,0.00008225,0x05,
"U13C_USART0_RX","data",26.02021375,0.00008225,0xD5,
"U13C_USART0_RX","data",26.0203005,0.00008225,0xE5,
"U13C_USART0_RX","data",26.02038725,0.00008225,0x00,
"U13C_USART0_RX","data",26.020474,0.00008225,0x00,
"U13C_USART0_RX","data",26.0205605,0.00008225,0x02,
"U13C_USART0_RX","data",26.02064725,0.00008225,0x00,
"U13C_USART0_RX","data",26.020734,0.00008225,0x4F,
"U13C_USART0_RX","data",26.02082075,0.00008225,0x09,
"U13C_USART0_RX","data",26.0209075,0.00008225,0x00,
"U13C_USART0_RX","data",26.020994,0.00008225,0xC4,
"U13C_USART0_RX","data",26.02108075,0.00008225,0x00,
"U13C_USART0_TX","data",26.02123275,0.00008225,0xD5,
"U13C_USART0_TX","data",26.0213205,0.00008225,0xE5,
"U13C_USART0_TX","data",26.02140825,0.00008225,0x00,
"U13C_USART0_TX","data",26.021496,0.00008225,0x00,
"U13C_USART0_TX","data",26.0215955,0.00008225,0x06,
"U13C_USART0_TX","data",26.02168325,0.00008225,0x00,
"U13C_USART0_TX","data",26.0217835,0.00008225,0x1B,
"U13C_USART0_TX","data",26.02187125,0.00008225,0x00,
"U13C_USART0_TX","data",26.02197075,0.00008225,0x10,
"U13C_USART0_TX","data",26.0220585,0.00008225,0x00,
"U13C_USART0_TX","data",26.022162,0.00008225,0x05,
"U13C_USART0_RX","data",26.185266,0.00008225,0xD5,
"U13C_USART0_RX","data",26.1853525,0.00008225,0xE5,
"U13C_USART0_RX","data",26.18543925,0.00008225,0x00,
"U13C_USART0_RX","data",26.185526,0.00008225,0x00,
"U13C_USART0_RX","data",26.18561275,0.00008225,0x02,
"U13C_USART0_RX","data",26.1856995,0.00008225,0x00,
"U13C_USART0_RX","data",26.185786,0.00008225,0x4F,
"U13C_USART0_RX","data",26.18587275,0.00008225,0x09,
"U13C_USART0_RX","data",26.1859595,0.00008225,0x00,
"U13C_USART0_RX","data",26.18604625,0.00008225,0xC4,
"U13C_USART0_RX","data",26.186133,0.00008225,0x00,
"U13C_USART0_TX","data",26.1862405,0.00008225,0xD5,
"U13C_USART0_TX","data",26.1863365,0.00008225,0xE5,
"U13C_USART0_TX","data",26.18642425,0.00008225,0x00,
"U13C_USART0_TX","data",26.18652375,0.00008225,0x00,
"U13C_USART0_TX","data",26.1866115,0.00008225,0x06,
"U13C_USART0_TX","data",26.18671175,0.00008225,0x00,
"U13C_USART0_TX","data",26.1867995,0.00008225,0x1B,
"U13C_USART0_TX","data",26.18689925,0.00008225,0x00,
"U13C_USART0_TX","data",26.18698675,0.00008225,0x10,
"U13C_USART0_TX","data",26.1870865,0.00008225,0x00,
"U13C_USART0_TX","data",26.18717425,0.00008225,0x05,
"U13C_USART0_RX","data",26.35036475,0.00008225,0xD5,
"U13C_USART0_RX","data",26.3504515,0.00008225,0xE5,
"U13C_USART0_RX","data",26.35053825,0.00008225,0x00,
"U13C_USART0_RX","data",26.35062475,0.00008225,0x00,
"U13C_USART0_RX","data",26.3507115,0.00008225,0x02,
"U13C_USART0_RX","data",26.35079825,0.00008225,0x00,
"U13C_USART0_RX","data",26.350885,0.00008225,0x4F,
"U13C_USART0_RX","data",26.35097175,0.00008225,0x09,
"U13C_USART0_RX","data",26.35105825,0.00008225,0x00,
"U13C_USART0_RX","data",26.351145,0.00008225,0xC4,
"U13C_USART0_RX","data",26.35123175,0.00008225,0x00,
"U13C_USART0_TX","data",26.351345,0.00008225,0xD5,
"U13C_USART0_TX","data",26.3514485,0.00008225,0xE5,
"U13C_USART0_TX","data",26.35153625,0.00008225,0x00,
"U13C_USART0_TX","data",26.351636,0.00008225,0x00,
"U13C_USART0_TX","data",26.35172375,0.00008225,0x06,
"U13C_USART0_TX","data",26.35182375,0.00008225,0x00,
"U13C_USART0_TX","data",26.3519115,0.00008225,0x1B,
"U13C_USART0_TX","data",26.35201125,0.00008225,0x00,
"U13C_USART0_TX","data",26.352099,0.00008225,0x10,
"U13C_USART0_TX","data",26.35219875,0.00008225,0x00,
"U13C_USART0_TX","data",26.35228625,0.00008225,0x05,
"U13C_USART0_RX","data",26.5153945,0.00008225,0xD5,
"U13C_USART0_RX","data",26.51548125,0.00008225,0xE5,
"U13C_USART0_RX","data",26.515568,0.00008225,0x00,
"U13C_USART0_RX","data",26.51565475,0.00008225,0x00,
"U13C_USART0_RX","data",26.51574125,0.00008225,0x02,
"U13C_USART0_RX","data",26.515828,0.00008225,0x00,
"U13C_USART0_RX","data",26.51591475,0.00008225,0x4F,
"U13C_USART0_RX","data",26.5160015,0.00008225,0x09,
"U13C_USART0_RX","data",26.51608825,0.00008225,0x00,
"U13C_USART0_RX","data",26.51617475,0.00008225,0xC4,
"U13C_USART0_RX","data",26.5162615,0.00008225,0x00,
"U13C_USART0_TX","data",26.51639125,0.00008225,0xD5,
"U13C_USART0_TX","data",26.5164975,0.00008225,0xE5,
"U13C_USART0_TX","data",26.51658525,0.00008225,0x00,
"U13C_USART0_TX","data",26.51668475,0.00008225,0x00,
"U13C_USART0_TX","data",26.5167725,0.00008225,0x06,
"U13C_USART0_TX","data",26.51687225,0.00008225,0x00,
"U13C_USART0_TX","data",26.51696,0.00008225,0x1B,
"U13C_USART0_TX","data",26.5170595,0.00008225,0x00,
"U13C_USART0_TX","data",26.51714725,0.00008225,0x10,
"U13C_USART0_TX","data",26.517247,0.00008225,0x00,
"U13C_USART0_TX","data",26.51733475,0.00008225,0x05,
"U13C_USART0_RX","data",26.6804935,0.00008225,0xD5,
"U13C_USART0_RX","data",26.68058,0.00008225,0xE5,
"U13C_USART0_RX","data",26.68066675,0.00008225,0x00,
"U13C_USART0_RX","data",26.6807535,0.00008225,0x00,
"U13C_USART0_RX","data",26.68084025,0.00008225,0x02,
"U13C_USART0_RX","data",26.680927,0.00008225,0x00,
"U13C_USART0_RX","data",26.6810135,0.00008225,0x4F,
"U13C_USART0_RX","data",26.68110025,0.00008225,0x09,
"U13C_USART0_RX","data",26.681187,0.00008225,0x00,
"U13C_USART0_RX","data",26.68127375,0.00008225,0xC4,
"U13C_USART0_RX","data",26.6813605,0.00008225,0x00,
"U13C_USART0_TX","data",26.68148725,0.00008225,0xD5,
"U13C_USART0_TX","data",26.681575,0.00008225,0xE5,
"U13C_USART0_TX","data",26.68166825,0.00008225,0x00,
"U13C_USART0_TX","data",26.681756,0.00008225,0x00,
"U13C_USART0_TX","data",26.68185575,0.00008225,0x06,
"U13C_USART0_TX","data",26.6819435,0.00008225,0x00,
"U13C_USART0_TX","data",26.682043,0.00008225,0x1B,
"U13C_USART0_TX","data",26.68213075,0.00008225,0x00,
"U13C_USART0_TX","data",26.6822305,0.00008225,0x10,
"U13C_USART0_TX","data",26.68231825,0.00008225,0x00,
"U13C_USART0_TX","data",26.68241775,0.00008225,0x05,
"U13C_USART0_RX","data",26.8454935,0.00008225,0xD5,
"U13C_USART0_RX","data",26.84558025,0.00008225,0xE5,
"U13C_USART0_RX","data",26.845667,0.00008225,0x00,
"U13C_USART0_RX","data",26.8457535,0.00008225,0x00,
"U13C_USART0_RX","data",26.84584025,0.00008225,0x02,
"U13C_USART0_RX","data",26.845927,0.00008225,0x00,
"U13C_USART0_RX","data",26.84601375,0.00008225,0x4F,
"U13C_USART0_RX","data",26.8461005,0.00008225,0x09,
"U13C_USART0_RX","data",26.846187,0.00008225,0x00,
"U13C_USART0_RX","data",26.84627375,0.00008225,0xC4,
"U13C_USART0_RX","data",26.8463605,0.00008225,0x00,
"U13C_USART0_TX","data",26.8464855,0.00008225,0xD5,
"U13C_USART0_TX","data",26.84659275,0.00008225,0xE5,
"U13C_USART0_TX","data",26.8466805,0.00008225,0x00,
"U13C_USART0_TX","data",26.84678025,0.00008225,0x00,
"U13C_USART0_TX","data",26.846868,0.00008225,0x06,
"U13C_USART0_TX","data",26.84696775,0.00008225,0x00,
"U13C_USART0_TX","data",26.8470555,0.00008225,0x1B,
"U13C_USART0_TX","data",26.847155,0.00008225,0x00,
"U13C_USART0_TX","data",26.84724275,0.00008225,0x10,
"U13C_USART0_TX","data",26.8473425,0.00008225,0x00,
"U13C_USART0_TX","data",26.84743025,0.00008225,0x05,
"U13C_USART0_RX","data",27.010568,0.00008225,0xD5,
"U13C_USART0_RX","data",27.0106545,0.00008225,0xE5,
"U13C_USART0_RX","data",27.01074125,0.00008225,0x00,
"U13C_USART0_RX","data",27.010828,0.00008225,0x00,
"U13C_USART0_RX","data",27.01091475,0.00008225,0x02,
"U13C_USART0_RX","data",27.0110015,0.00008225,0x00,
"U13C_USART0_RX","data",27.011088,0.00008225,0x4F,
"U13C_USART0_RX","data",27.01117475,0.00008225,0x09,
"U13C_USART0_RX","data",27.0112615,0.00008225,0x00,
"U13C_USART0_RX","data",27.01134825,0.00008225,0xC4,
"U13C_USART0_RX","data",27.011435,0.00008225,0x00,
"U13C_USART0_TX","data",27.01154225,0.00008225,0xD5,
"U13C_USART0_TX","data",27.0116485,0.00008225,0xE5,
"U13C_USART0_TX","data",27.011736,0.00008225,0x00,
"U13C_USART0_TX","data",27.01183575,0.00008225,0x00,
"U13C_USART0_TX","data",27.0119235,0.00008225,0x06,
"U13C_USART0_TX","data",27.01202325,0.00008225,0x00,
"U13C_USART0_TX","data",27.012111,0.00008225,0x1B,
"U13C_USART0_TX","data",27.012211,0.00008225,0x00,
"U13C_USART0_TX","data",27.01229875,0.00008225,0x10,
"U13C_USART0_TX","data",27.0123985,0.00008225,0x00,
"U13C_USART0_TX","data",27.01248625,0.00008225,0x05,
"U13C_USART0_RX","data",27.1756345,0.00008225,0xD5,
"U13C_USART0_RX","data",27.17572125,0.00008225,0xE5,
"U13C_USART0_RX","data",27.175808,0.00008225,0x00,
"U13C_USART0_RX","data",27.1758945,0.00008225,0x00,
"U13C_USART0_RX","data",27.17598125,0.00008225,0x02,
"U13C_USART0_RX","data",27.176068,0.00008225,0x00,
"U13C_USART0_RX","data",27.17615475,0.00008225,0x4F,
"U13C_USART0_RX","data",27.1762415,0.00008225,0x09,
"U13C_USART0_RX","data",27.176328,0.00008225,0x00,
"U13C_USART0_RX","data",27.17641475,0.00008225,0xC4,
"U13C_USART0_RX","data",27.1765015,0.00008225,0x00,
"U13C_USART0_TX","data",27.17660875,0.00008225,0xD5,
"U13C_USART0_TX","data",27.17671475,0.00008225,0xE5,
"U13C_USART0_TX","data",27.1768025,0.00008225,0x00,
"U13C_USART0_TX","data",27.17690225,0.00008225,0x00,
"U13C_USART0_TX","data",27.17699,0.00008225,0x06,
"U13C_USART0_TX","data",27.177094,0.00008225,0x00,
"U13C_USART0_TX","data",27.17718175,0.00008225,0x1B,
"U13C_USART0_TX","data",27.17727775,0.00008225,0x00,
"U13C_USART0_TX","data",27.1773655,0.00008225,0x10,
"U13C_USART0_TX","data",27.177465,0.00008225,0x00,
"U13C_USART0_TX","data",27.17755275,0.00008225,0x05,
"U13C_USART0_RX","data",27.340695,0.00008225,0xD5,
"U13C_USART0_RX","data",27.34078175,0.00008225,0xE5,
"U13C_USART0_RX","data",27.34086825,0.00008225,0x00,
"U13C_USART0_RX","data",27.340955,0.00008225,0x00,
"U13C_USART0_RX","data",27.34104175,0.00008225,0x02,
"U13C_USART0_RX","data",27.3411285,0.00008225,0x00,
"U13C_USART0_RX","data",27.34121525,0.00008225,0x4F,
"U13C_USART0_RX","data",27.34130175,0.00008225,0x09,
"U13C_USART0_RX","data",27.3413885,0.00008225,0x00,
"U13C_USART0_RX","data",27.34147525,0.00008225,0xC4,
"U13C_USART0_RX","data",27.341562,0.00008225,0x00,
"U13C_USART0_TX","data",27.34167325,0.00008225,0xD5,
"U13C_USART0_TX","data",27.341779,0.00008225,0xE5,
"U13C_USART0_TX","data",27.34186675,0.00008225,0x00,
"U13C_USART0_TX","data",27.3419665,0.00008225,0x00,
"U13C_USART0_TX","data",27.34205425,0.00008225,0x06,
"U13C_USART0_TX","data",27.34215375,0.00008225,0x00,
"U13C_USART0_TX","data",27.3422415,0.00008225,0x1B,
"U13C_USART0_TX","data",27.34234125,0.00008225,0x00,
"U13C_USART0_TX","data",27.342429,0.00008225,0x10,
"U13C_USART0_TX","data",27.34252875,0.00008225,0x00,
"U13C_USART0_TX","data",27.3426165,0.00008225,0x05,
"U13C_USART0_RX","data",27.50574875,0.00008225,0xD5,
"U13C_USART0_RX","data",27.50583525,0.00008225,0xE5,
"U13C_USART0_RX","data",27.505922,0.00008225,0x00,
"U13C_USART0_RX","data",27.50600875,0.00008225,0x00,
"U13C_USART0_RX","data",27.5060955,0.00008225,0x02,
"U13C_USART0_RX","data",27.50618225,0.00008225,0x00,
"U13C_USART0_RX","data",27.50626875,0.00008225,0x4F,
"U13C_USART0_RX","data",27.5063555,0.00008225,0x09,
"U13C_USART0_RX","data",27.50644225,0.00008225,0x00,
"U13C_USART0_RX","data",27.506529,0.00008225,0xC4,
"U13C_USART0_RX","data",27.50661575,0.00008225,0x00,
"U13C_USART0_TX","data",27.50673275,0.00008225,0xD5,
"U13C_USART0_TX","data",27.50684,0.00008225,0xE5,
"U13C_USART0_TX","data",27.50692775,0.00008225,0x00,
"U13C_USART0_TX","data",27.50702725,0.00008225,0x00,
"U13C_USART0_TX","data",27.507115,0.00008225,0x06,
"U13C_USART0_TX","data",27.50721475,0.00008225,0x00,
"U13C_USART0_TX","data",27.5073025,0.00008225,0x1B,
"U13C_USART0_TX","data",27.50740225,0.00008225,0x00,
"U13C_USART0_TX","data",27.50749,0.00008225,0x10,
"U13C_USART0_TX","data",27.5075895,0.00008225,0x00,
"U13C_USART0_TX","data",27.50767725,0.00008225,0x05,
"U13C_USART0_RX","data",27.67082225,0.00008225,0xD5,
"U13C_USART0_RX","data",27.670909,0.00008225,0xE5,
"U13C_USART0_RX","data",27.67099575,0.00008225,0x00,
"U13C_USART0_RX","data",27.6710825,0.00008225,0x00,
"U13C_USART0_RX","data",27.67116925,0.00008225,0x02,
"U13C_USART0_RX","data",27.67125575,0.00008225,0x00,
"U13C_USART0_RX","data",27.6713425,0.00008225,0x4F,
"U13C_USART0_RX","data",27.67142925,0.00008225,0x09,
"U13C_USART0_RX","data",27.671516,0.00008225,0x00,
"U13C_USART0_RX","data",27.67160275,0.00008225,0xC4,
"U13C_USART0_RX","data",27.67168925,0.00008225,0x00,
"U13C_USART0_TX","data",27.6718,0.00008225,0xD5,
"U13C_USART0_TX","data",27.67190525,0.00008225,0xE5,
"U13C_USART0_TX","data",27.671993,0.00008225,0x00,
"U13C_USART0_TX","data",27.672097,0.00008225,0x00,
"U13C_USART0_TX","data",27.67218475,0.00008225,0x06,
"U13C_USART0_TX","data",27.6722805,0.00008225,0x00,
"U13C_USART0_TX","data",27.67236825,0.00008225,0x1B,
"U13C_USART0_TX","data",27.672468,0.00008225,0x00,
"U13C_USART0_TX","data",27.67255575,0.00008225,0x10,
"U13C_USART0_TX","data",27.67265525,0.00008225,0x00,
"U13C_USART0_TX","data",27.672743,0.00008225,0x05,
"U13C_USART0_RX","data",27.83552775,0.00008225,0xD5,
"U13C_USART0_RX","data",27.8356145,0.00008225,0xE5,
"U13C_USART0_RX","data",27.83570125,0.00008225,0x00,
"U13C_USART0_RX","data",27.835788,0.00008225,0x00,
"U13C_USART0_RX","data",27.83587475,0.00008225,0x02,
"U13C_USART0_RX","data",27.83596125,0.00008225,0x00,
"U13C_USART0_RX","data",27.836048,0.00008225,0x4F,
"U13C_USART0_RX","data",27.83613475,0.00008225,0x09,
"U13C_USART0_RX","data",27.8362215,0.00008225,0x00,
"U13C_USART0_RX","data",27.83630825,0.00008225,0xC4,
"U13C_USART0_RX","data",27.83639475,0.00008225,0x00,
"U13C_USART0_TX","data",27.8365025,0.00008225,0xD5,
"U13C_USART0_TX","data",27.8365915,0.00008225,0xE5,
"U13C_USART0_TX","data",27.836679,0.00008225,0x00,
"U13C_USART0_TX","data",27.83677875,0.00008225,0x00,
"U13C_USART0_TX","data",27.8368665,0.00008225,0x06,
"U13C_USART0_TX","data",27.83696625,0.00008225,0x00,
"U13C_USART0_TX","data",27.83705375,0.00008225,0x1B,
"U13C_USART0_TX","data",27.8371535,0.00008225,0x00,
"U13C_USART0_TX","data",27.83724125,0.00008225,0x10,
"U13C_USART0_TX","data",27.837341,0.00008225,0x00,
"U13C_USART0_TX","data",27.8374285,0.00008225,0x05,
"U13C_USART0_RX","data",28.0009645,0.00008225,0xD5,
"U13C_USART0_RX","data",28.00105125,0.00008225,0xE5,
"U13C_USART0_RX","data",28.001138,0.00008225,0x00,
"U13C_USART0_RX","data",28.00122475,0.00008225,0x00,
"U13C_USART0_RX","data",28.0013115,0.00008225,0x02,
"U13C_USART0_RX","data",28.001398,0.00008225,0x00,
"U13C_USART0_RX","data",28.00148475,0.00008225,0x4F,
"U13C_USART0_RX","data",28.0015715,0.00008225,0x09,
"U13C_USART0_RX","data",28.00165825,0.00008225,0x00,
"U13C_USART0_RX","data",28.001745,0.00008225,0xC4,
"U13C_USART0_RX","data",28.0018315,0.00008225,0x00,
"U13C_USART0_TX","data",28.0019615,0.00008225,0xD5,
"U13C_USART0_TX","data",28.00204925,0.00008225,0xE5,
"U13C_USART0_TX","data",28.00213975,0.00008225,0x00,
"U13C_USART0_TX","data",28.0022275,0.00008225,0x00,
"U13C_USART0_TX","data",28.002327,0.00008225,0x06,
"U13C_USART0_TX","data",28.00241475,0.00008225,0x00,
"U13C_USART0_TX","data",28.0025145,0.00008225,0x1B,
"U13C_USART0_TX","data",28.00260225,0.00008225,0x00,
"U13C_USART0_TX","data",28.002702,0.00008225,0x10,
"U13C_USART0_TX","data",28.00278975,0.00008225,0x00,
"U13C_USART0_TX","data",28.00288925,0.00008225,0x05,
"U13C_USART0_RX","data",28.166008,0.00008225,0xD5,
"U13C_USART0_RX","data",28.16609475,0.00008225,0xE5,
"U13C_USART0_RX","data",28.1661815,0.00008225,0x00,
"U13C_USART0_RX","data",28.16626825,0.00008225,0x00,
"U13C_USART0_RX","data",28.16635475,0.00008225,0x02,
"U13C_USART0_RX","data",28.1664415,0.00008225,0x00,
"U13C_USART0_RX","data",28.16652825,0.00008225,0x4F,
"U13C_USART0_RX","data",28.166615,0.00008225,0x09,
"U13C_USART0_RX","data",28.16670175,0.00008225,0x00,
"U13C_USART0_RX","data",28.16678825,0.00008225,0xC4,
"U13C_USART0_RX","data",28.166875,0.00008225,0x00,
"U13C_USART0_TX","data",28.1669825,0.00008225,0xD5,
"U13C_USART0_TX","data",28.167093,0.00008225,0xE5,
"U13C_USART0_TX","data",28.16718075,0.00008225,0x00,
"U13C_USART0_TX","data",28.16727675,0.00008225,0x00,
"U13C_USART0_TX","data",28.1673645,0.00008225,0x06,
"U13C_USART0_TX","data",28.16746425,0.00008225,0x00,
"U13C_USART0_TX","data",28.167552,0.00008225,0x1B,
"U13C_USART0_TX","data",28.1676515,0.00008225,0x00,
"U13C_USART0_TX","data",28.16773925,0.00008225,0x10,
"U13C_USART0_TX","data",28.167839,0.00008225,0x00,
"U13C_USART0_TX","data",28.16792675,0.00008225,0x05,
"U13C_USART0_RX","data",28.33107375,0.00008225,0xD5,
"U13C_USART0_RX","data",28.3311605,0.00008225,0xE5,
"U13C_USART0_RX","data",28.33124725,0.00008225,0x00,
"U13C_USART0_RX","data",28.331334,0.00008225,0x00,
"U13C_USART0_RX","data",28.3314205,0.00008225,0x02,
"U13C_USART0_RX","data",28.33150725,0.00008225,0x00,
"U13C_USART0_RX","data",28.331594,0.00008225,0x4F,
"U13C_USART0_RX","data",28.33168075,0.00008225,0x09,
"U13C_USART0_RX","data",28.3317675,0.00008225,0x00,
"U13C_USART0_RX","data",28.331854,0.00008225,0xC4,
"U13C_USART0_RX","data",28.33194075,0.00008225,0x00,
"U13C_USART0_TX","data",28.33205175,0.00008225,0xD5,
"U13C_USART0_TX","data",28.33215675,0.00008225,0xE5,
"U13C_USART0_TX","data",28.3322445,0.00008225,0x00,
"U13C_USART0_TX","data",28.33234425,0.00008225,0x00,
"U13C_USART0_TX","data",28.332432,0.00008225,0x06,
"U13C_USART0_TX","data",28.33253175,0.00008225,0x00,
"U13C_USART0_TX","data",28.33261925,0.00008225,0x1B,
"U13C_USART0_TX","data",28.332719,0.00008225,0x00,
"U13C_USART0_TX","data",28.33280675,0.00008225,0x10,
"U13C_USART0_TX","data",28.3329065,0.00008225,0x00,
"U13C_USART0_TX","data",28.33299425,0.00008225,0x05,
"U13C_USART0_RX","data",28.4961265,0.00008225,0xD5,
"U13C_USART0_RX","data",28.49621325,0.00008225,0xE5,
"U13C_USART0_RX","data",28.49629975,0.00008225,0x00,
"U13C_USART0_RX","data",28.4963865,0.00008225,0x00,
"U13C_USART0_RX","data",28.49647325,0.00008225,0x02,
"U13C_USART0_RX","data",28.49656,0.00008225,0x00,
"U13C_USART0_RX","data",28.49664675,0.00008225,0x4F,
"U13C_USART0_RX","data",28.49673325,0.00008225,0x09,
"U13C_USART0_RX","data",28.49682,0.00008225,0x00,
"U13C_USART0_RX","data",28.49690675,0.00008225,0xC4,
"U13C_USART0_RX","data",28.4969935,0.00008225,0x00,
"U13C_USART0_TX","data",28.497163,0.00008225,0xD5,
"U13C_USART0_TX","data",28.49725075,0.00008225,0xE5,
"U13C_USART0_TX","data",28.497339,0.00008225,0x00,
"U13C_USART0_TX","data",28.49742675,0.00008225,0x00,
"U13C_USART0_TX","data",28.4975265,0.00008225,0x06,
"U13C_USART0_TX","data",28.49761425,0.00008225,0x00,
"U13C_USART0_TX","data",28.4977145,0.00008225,0x1B,
"U13C_USART0_TX","data",28.49780225,0.00008225,0x00,
"U13C_USART0_TX","data",28.497902,0.00008225,0x10,
"U13C_USART0_TX","data",28.49798975,0.00008225,0x00,
"U13C_USART0_TX","data",28.49809325,0.00008225,0x05,
"U13C_USART0_RX","data",28.6612015,0.00008225,0xD5,
"U13C_USART0_RX","data",28.661288,0.00008225,0xE5,
"U13C_USART0_RX","data",28.66137475,0.00008225,0x00,
"U13C_USART0_RX","data",28.6614615,0.00008225,0x00,
"U13C_USART0_RX","data",28.66154825,0.00008225,0x02,
"U13C_USART0_RX","data",28.661635,0.00008225,0x00,
"U13C_USART0_RX","data",28.6617215,0.00008225,0x4F,
"U13C_USART0_RX","data",28.66180825,0.00008225,0x09,
"U13C_USART0_RX","data",28.661895,0.00008225,0x00,
"U13C_USART0_RX","data",28.66198175,0.00008225,0xC4,
"U13C_USART0_RX","data",28.6620685,0.00008225,0x00,
"U13C_USART0_TX","data",28.66217375,0.00008225,0xD5,
"U13C_USART0_TX","data",28.66227625,0.00008225,0xE5,
"U13C_USART0_TX","data",28.662364,0.00008225,0x00,
"U13C_USART0_TX","data",28.6624635,0.00008225,0x00,
"U13C_USART0_TX","data",28.66255125,0.00008225,0x06,
"U13C_USART0_TX","data",28.6626515,0.00008225,0x00,
"U13C_USART0_TX","data",28.66273925,0.00008225,0x1B,
"U13C_USART0_TX","data",28.662839,0.00008225,0x00,
"U13C_USART0_TX","data",28.66292675,0.00008225,0x10,
"U13C_USART0_TX","data",28.6630265,0.00008225,0x00,
"U13C_USART0_TX","data",28.66311425,0.00008225,0x05,
"U13C_USART0_RX","data",28.82626725,0.00008225,0xD5,
"U13C_USART0_RX","data",28.82635375,0.00008225,0xE5,
"U13C_USART0_RX","data",28.8264405,0.00008225,0x00,
"U13C_USART0_RX","data",28.82652725,0.00008225,0x00,
"U13C_USART0_RX","data",28.826614,0.00008225,0x02,
"U13C_USART0_RX","data",28.82670075,0.00008225,0x00,
"U13C_USART0_RX","data",28.82678725,0.00008225,0x4F,
"U13C_USART0_RX","data",28.826874,0.00008225,0x09,
"U13C_USART0_RX","data",28.82696075,0.00008225,0x00,
"U13C_USART0_RX","data",28.8270475,0.00008225,0xC4,
"U13C_USART0_RX","data",28.82713425,0.00008225,0x00,
"U13C_USART0_TX","data",28.82724225,0.00008225,0xD5,
"U13C_USART0_TX","data",28.8273355,0.00008225,0xE5,
"U13C_USART0_TX","data",28.82742325,0.00008225,0x00,
"U13C_USART0_TX","data",28.827523,0.00008225,0x00,
"U13C_USART0_TX","data",28.82761075,0.00008225,0x06,
"U13C_USART0_TX","data",28.8277105,0.00008225,0x00,
"U13C_USART0_TX","data",28.82779825,0.00008225,0x1B,
"U13C_USART0_TX","data",28.82789775,0.00008225,0x00,
"U13C_USART0_TX","data",28.8279855,0.00008225,0x10,
"U13C_USART0_TX","data",28.8280895,0.00008225,0x00,
"U13C_USART0_TX","data",28.82817725,0.00008225,0x05,
"U13C_USART0_RX","data",28.9913285,0.00008225,0xD5,
"U13C_USART0_RX","data",28.99141525,0.00008225,0xE5,
"U13C_USART0_RX","data",28.99150175,0.00008225,0x00,
"U13C_USART0_RX","data",28.9915885,0.00008225,0x00,
"U13C_USART0_RX","data",28.99167525,0.00008225,0x02,
"U13C_USART0_RX","data",28.991762,0.00008225,0x00,
"U13C_USART0_RX","data",28.99184875,0.00008225,0x4F,
"U13C_USART0_RX","data",28.99193525,0.00008225,0x09,
"U13C_USART0_RX","data",28.992022,0.00008225,0x00,
"U13C_USART0_RX","data",28.99210875,0.00008225,0xC4,
"U13C_USART0_RX","data",28.9921955,0.00008225,0x00,
"U13C_USART0_TX","data",28.992299,0.00008225,0xD5,
"U13C_USART0_TX","data",28.992397,0.00008225,0xE5,
"U13C_USART0_TX","data",28.99248475,0.00008225,0x00,
"U13C_USART0_TX","data",28.992585,0.00008225,0x00,
"U13C_USART0_TX","data",28.99267275,0.00008225,0x06,
"U13C_USART0_TX","data",28.99277225,0.00008225,0x00,
"U13C_USART0_TX","data",28.99286,0.00008225,0x1B,
"U13C_USART0_TX","data",28.99295975,0.00008225,0x00,
"U13C_USART0_TX","data",28.9930475,0.00008225,0x10,
"U13C_USART0_TX","data",28.993147,0.00008225,0x00,
"U13C_USART0_TX","data",28.99323475,0.00008225,0x05,
"U13C_USART0_RX","data",29.15638225,0.00008225,0xD5,
"U13C_USART0_RX","data",29.15646875,0.00008225,0xE5,
"U13C_USART0_RX","data",29.1565555,0.00008225,0x00,
"U13C_USART0_RX","data",29.15664225,0.00008225,0x00,
"U13C_USART0_RX","data",29.156729,0.00008225,0x02,
"U13C_USART0_RX","data",29.15681575,0.00008225,0x00,
"U13C_USART0_RX","data",29.15690225,0.00008225,0x4F,
"U13C_USART0_RX","data",29.156989,0.00008225,0x09,
"U13C_USART0_RX","data",29.15707575,0.00008225,0x00,
"U13C_USART0_RX","data",29.1571625,0.00008225,0xC4,
"U13C_USART0_RX","data",29.15724925,0.00008225,0x00,
"U13C_USART0_TX","data",29.1573615,0.00008225,0xD5,
"U13C_USART0_TX","data",29.1574665,0.00008225,0xE5,
"U13C_USART0_TX","data",29.15755425,0.00008225,0x00,
"U13C_USART0_TX","data",29.157654,0.00008225,0x00,
"U13C_USART0_TX","data",29.15774175,0.00008225,0x06,
"U13C_USART0_TX","data",29.1578415,0.00008225,0x00,
"U13C_USART0_TX","data",29.15792925,0.00008225,0x1B,
"U13C_USART0_TX","data",29.15802925,0.00008225,0x00,
"U13C_USART0_TX","data",29.15811725,0.00008225,0x10,
"U13C_USART0_TX","data",29.15821675,0.00008225,0x00,
"U13C_USART0_TX","data",29.1583045,0.00008225,0x05,
"U13C_USART0_RX","data",29.321456,0.00008225,0xD5,
"U13C_USART0_RX","data",29.32154275,0.00008225,0xE5,
"U13C_USART0_RX","data",29.3216295,0.00008225,0x00,
"U13C_USART0_RX","data",29.32171625,0.00008225,0x00,
"U13C_USART0_RX","data",29.32180275,0.00008225,0x02,
"U13C_USART0_RX","data",29.3218895,0.00008225,0x00,
"U13C_USART0_RX","data",29.32197625,0.00008225,0x4F,
"U13C_USART0_RX","data",29.322063,0.00008225,0x09,
"U13C_USART0_RX","data",29.32214975,0.00008225,0x00,
"U13C_USART0_RX","data",29.32223625,0.00008225,0xC4,
"U13C_USART0_RX","data",29.322323,0.00008225,0x00,
"U13C_USART0_TX","data",29.32243075,0.00008225,0xD5,
"U13C_USART0_TX","data",29.3225375,0.00008225,0xE5,
"U13C_USART0_TX","data",29.32262525,0.00008225,0x00,
"U13C_USART0_TX","data",29.322725,0.00008225,0x00,
"U13C_USART0_TX","data",29.32281275,0.00008225,0x06,
"U13C_USART0_TX","data",29.32291225,0.00008225,0x00,
"U13C_USART0_TX","data",29.323,0.00008225,0x1B,
"U13C_USART0_TX","data",29.323104,0.00008225,0x00,
"U13C_USART0_TX","data",29.32319175,0.00008225,0x10,
"U13C_USART0_TX","data",29.32328775,0.00008225,0x00,
"U13C_USART0_TX","data",29.3233755,0.00008225,0x05,
"U13C_USART0_RX","data",29.48650875,0.00008225,0xD5,
"U13C_USART0_RX","data",29.48659525,0.00008225,0xE5,
"U13C_USART0_RX","data",29.486682,0.00008225,0x00,
"U13C_USART0_RX","data",29.48676875,0.00008225,0x00,
"U13C_USART0_RX","data",29.4868555,0.00008225,0x02,
"U13C_USART0_RX","data",29.48694225,0.00008225,0x00,
"U13C_USART0_RX","data",29.48702875,0.00008225,0x4F,
"U13C_USART0_RX","data",29.4871155,0.00008225,0x09,
"U13C_USART0_RX","data",29.48720225,0.00008225,0x00,
"U13C_USART0_RX","data",29.487289,0.00008225,0xC4,
"U13C_USART0_RX","data",29.48737575,0.00008225,0x00,
"U13C_USART0_TX","data",29.4875,0.00008225,0xD5,
"U13C_USART0_TX","data",29.4876055,0.00008225,0xE5,
"U13C_USART0_TX","data",29.48769325,0.00008225,0x00,
"U13C_USART0_TX","data",29.487793,0.00008225,0x00,
"U13C_USART0_TX","data",29.48788075,0.00008225,0x06,
"U13C_USART0_TX","data",29.4879805,0.00008225,0x00,
"U13C_USART0_TX","data",29.48806825,0.00008225,0x1B,
"U13C_USART0_TX","data",29.48816775,0.00008225,0x00,
"U13C_USART0_TX","data",29.4882555,0.00008225,0x10,
"U13C_USART0_TX","data",29.48835525,0.00008225,0x00,
"U13C_USART0_TX","data",29.488443,0.00008225,0x05,
"U13C_USART0_RX","data",29.651596,0.00008225,0xD5,
"U13C_USART0_RX","data",29.65168275,0.00008225,0xE5,
"U13C_USART0_RX","data",29.6517695,0.00008225,0x00,
"U13C_USART0_RX","data",29.651856,0.00008225,0x00,
"U13C_USART0_RX","data",29.65194275,0.00008225,0x02,
"U13C_USART0_RX","data",29.6520295,0.00008225,0x00,
"U13C_USART0_RX","data",29.65211625,0.00008225,0x4F,
"U13C_USART0_RX","data",29.652203,0.00008225,0x09,
"U13C_USART0_RX","data",29.6522895,0.00008225,0x00,
"U13C_USART0_RX","data",29.65237625,0.00008225,0xC4,
"U13C_USART0_RX","data",29.652463,0.00008225,0x00,
"U13C_USART0_TX","data",29.6525735,0.00008225,0xD5,
"U13C_USART0_TX","data",29.65267925,0.00008225,0xE5,
"U13C_USART0_TX","data",29.652767,0.00008225,0x00,
"U13C_USART0_TX","data",29.65286675,0.00008225,0x00,
"U13C_USART0_TX","data",29.6529545,0.00008225,0x06,
"U13C_USART0_TX","data",29.653054,0.00008225,0x00,
"U13C_USART0_TX","data",29.65314175,0.00008225,0x1B,
"U13C_USART0_TX","data",29.6532415,0.00008225,0x00,
"U13C_USART0_TX","data",29.65332925,0.00008225,0x10,
"U13C_USART0_TX","data",29.653429,0.00008225,0x00,
"U13C_USART0_TX","data",29.65351675,0.00008225,0x05,
"U13C_USART0_RX","data",29.81663625,0.00008225,0xD5,
"U13C_USART0_RX","data",29.816723,0.00008225,0xE5,
"U13C_USART0_RX","data",29.81680975,0.00008225,0x00,
"U13C_USART0_RX","data",29.81689625,0.00008225,0x00,
"U13C_USART0_RX","data",29.816983,0.00008225,0x02,
"U13C_USART0_RX","data",29.81706975,0.00008225,0x00,
"U13C_USART0_RX","data",29.8171565,0.00008225,0x4F,
"U13C_USART0_RX","data",29.81724325,0.00008225,0x09,
"U13C_USART0_RX","data",29.81732975,0.00008225,0x00,
"U13C_USART0_RX","data",29.8174165,0.00008225,0xC4,
"U13C_USART0_RX","data",29.81750325,0.00008225,0x00,
"U13C_USART0_TX","data",29.8176345,0.00008225,0xD5,
"U13C_USART0_TX","data",29.81774675,0.00008225,0xE5,
"U13C_USART0_TX","data",29.8178345,0.00008225,0x00,
"U13C_USART0_TX","data",29.81793475,0.00008225,0x00,
"U13C_USART0_TX","data",29.8180225,0.00008225,0x06,
"U13C_USART0_TX","data",29.818126,0.00008225,0x00,
"U13C_USART0_TX","data",29.81821375,0.00008225,0x1B,
"U13C_USART0_TX","data",29.8183095,0.00008225,0x00,
"U13C_USART0_TX","data",29.81839725,0.00008225,0x10,
"U13C_USART0_TX","data",29.818497,0.00008225,0x00,
"U13C_USART0_TX","data",29.81858475,0.00008225,0x05,
"U13C_USART0_RX","data",29.98171,0.00008225,0xD5,
"U13C_USART0_RX","data",29.9817965,0.00008225,0xE5,
"U13C_USART0_RX","data",29.98188325,0.00008225,0x00,
"U13C_USART0_RX","data",29.98197,0.00008225,0x00,
"U13C_USART0_RX","data",29.98205675,0.00008225,0x02,
"U13C_USART0_RX","data",29.9821435,0.00008225,0x00,
"U13C_USART0_RX","data",29.98223,0.00008225,0x4F,
"U13C_USART0_RX","data",29.98231675,0.00008225,0x09,
"U13C_USART0_RX","data",29.9824035,0.00008225,0x00,
"U13C_USART0_RX","data",29.98249025,0.00008225,0xC4,
"U13C_USART0_RX","data",29.982577,0.00008225,0x00,
"U13C_USART0_TX","data",29.98270875,0.00008225,0xD5,
"U13C_USART0_TX","data",29.98282075,0.00008225,0xE5,
"U13C_USART0_TX","data",29.9829085,0.00008225,0x00,
"U13C_USART0_TX","data",29.98300825,0.00008225,0x00,
"U13C_USART0_TX","data",29.983096,0.00008225,0x06,
"U13C_USART0_TX","data",29.98319575,0.00008225,0x00,
"U13C_USART0_TX","data",29.9832835,0.00008225,0x1B,
"U13C_USART0_TX","data",29.983383,0.00008225,0x00,
"U13C_USART0_TX","data",29.98347075,0.00008225,0x10,
"U13C_USART0_TX","data",29.983571,0.00008225,0x00,
"U13C_USART0_TX","data",29.98365875,0.00008225,0x05,
"U13C_USART0_TX","data",30.037108,0.00008225,0x00,"framing"
"U13C_USART0_RX","data",30.037108,0.00008225,0x00,"framing"
